tps-combat-v2-extracted.py:144: SyntaxWarning: invalid escape sequence '\('
helper extraction: True
script lines: 145
patch execution: success
--- diff check ---
--- targeted tests ---
TAP version 13
# Subtest: TPS lock-on battle owns circular 360-degree locomotion and over-shoulder camera
ok 1 - TPS lock-on battle owns circular 360-degree locomotion and over-shoulder camera
  ---
  duration_ms: 6.080747
  ...
# Subtest: TPS player combat is ATTACK plus directional STEP with range attacks, combos, dash attacks, and flank punishment
not ok 2 - TPS player combat is ATTACK plus directional STEP with range attacks, combos, dash attacks, and flank punishment
  ---
  duration_ms: 5.686159
  location: '/home/runner/work/poly-fighter/poly-fighter/tests/tps-mode.test.ts:2:2511'
  failureType: 'testCodeFailure'
  error: |-
    The input did not match the regular expression /const flankStrike = attacker === this\.p1/. Input:
    
    'import * as THREE from "three";\n' +
      'import { AudioManager } from "./audio";\n' +
      'import { EffectsManager } from "./effects";\n' +
      'import { FighterRuntime, type CpuDifficulty } from "./fighter";\n' +
      'import { CpuFunDirector, isAttackIntent, type CpuActorSnapshot, type CpuDecision, type CpuIntent, type CpuSituation } from "./cpu-director";\n' +
      'import { FixedStepClock } from "./fixed";\n' +
      'import { InputSystem } from "./input";\n' +
      'import { PresentationAnimationController } from "./presentation-animation";\n' +
      'import { SettingsManager } from "./settings";\n' +
      'import { TpsGraphicsDirector } from "./tps-graphics";\n' +
      'import { createFighterVisual, disposeFighterVisual } from "./visual-entry";\n' +
      'import type { FighterModelId } from "./model-skins";\n' +
      'import type { FighterDefinition, HitEvent, HudSnapshot, InputAction, InputFrame } from "./types";\n' +
      'import { EMPTY_INPUT } from "./types";\n' +
      '\n' +
      'export interface TpsFightGameOptions {\n' +
      '  p1Definition: FighterDefinition;\n' +
      '  p2Definition: FighterDefinition;\n' +
      '  p1Model?: FighterModelId;\n' +
      '  p2Model?: FighterModelId;\n' +
      '  difficulty?: CpuDifficulty;\n' +
      '  onHud?: (snapshot: HudSnapshot) => void;\n' +
      '  onResult?: (winner: "p1" | "p2" | "draw") => void;\n' +
      '  onFallback?: (message: string) => void;\n' +
      '}\n' +
      '\n' +
      'const ARENA_RADIUS = 6.8;\n' +
      'const FIXED_STEP = 1 / 60;\n' +
      'const ROUND_TICKS = 99 * 60;\n' +
      'const TPS_STRIKE_RANGE = 2.12;\n' +
      'const TPS_CLOSE_ATTACK_RANGE = 1.58;\n' +
      'const TPS_STEP_TICKS = 9;\n' +
      'const TPS_STEP_COOLDOWN_TICKS = 18;\n' +
      'const TPS_COMBO_GRACE_TICKS = 34;\n' +
      'const TPS_FLANK_WINDOW_TICKS = 30;\n' +
      'const TPS_PERFECT_EVADE_TICKS = 18;\n' +
      'const TPS_INTERCEPT_TICKS = 26;\n' +
      'const TPS_REVERSAL_TICKS = 24;\n' +
      'const TPS_COMBAT_BEAT_TICKS = 34;\n' +
      'const TPS_FINISHER_BEAT_TICKS = 72;\n' +
      'const TPS_ADAPT_REVIEW_TICKS = 180;\n' +
      'const TPS_KO_MIN_SHOW_TICKS = 72;\n' +
      'const TPS_KO_SETTLED_HOLD_TICKS = 30;\n' +
      'const TPS_KO_MAX_SHOW_TICKS = 150;\n' +
      'const ENEMY_TACTIC_INTERVAL = 72;\n' +
      'const TPS_CAMERA_CLOSE_SHOULDER_BONUS = 3.75;\n' +
      'const TPS_CAMERA_CLOSE_BACK_DELTA = -0.95;\n' +
      'const TPS_CAMERA_CLOSE_ANCHOR_BLEND = 0.88;\n' +
      'const TPS_CAMERA_CLOSE_TARGET_MIDPOINT_BLEND = 0.42;\n' +
      'const TPS_CAMERA_CLOSE_TARGET_SIDE_SHIFT = 0.36;\n' +
      'const TPS_CAMERA_CLOSE_TARGET_LIFT = 0.14;\n' +
      'const TPS_CAMERA_IMPACT_BACK_DELTA = 0.24;\n' +
      'const TPS_CAMERA_IMPACT_SHOULDER = 0.18;\n' +
      'const TPS_CAMERA_MAX_TRAVEL_SPEED = 15.0;\n' +
      'const TPS_CLOSE_ORBIT_SPEED_SCALE = 0.65;\n' +
      'const TPS_IMPACT_CONTACT_MINIMUM = 1.52;\n' +
      'const TPS_IMPACT_CONTACT_MINIMUM_HEAVY = 1.58;\n' +
      'const TPS_IMPACT_CONTACT_MINIMUM_KICK = 1.62;\n' +
      'const TPS_IMPACT_HEIGHTS: Readonly<Record<string, number>> = Object.freeze({\n' +
      '  jab: 2.62,\n' +
      '  straight: 2.60,\n' +
      '  backfist: 2.48,\n' +
      '  bodyBlow: 2.12,\n' +
      '  power: 2.35,\n' +
      '  kick: 1.80,\n' +
      '  lowKick: 0.92,\n' +
      '  risingKick: 2.06,\n' +
      '  dashKick: 1.98,\n' +
      '  throw: 1.75,\n' +
      '  counter: 2.66,\n' +
      '});\n' +
      'const MODEL_FORWARD = new THREE.Vector3(0, 0, 1);\n' +
      'type EnemyTactic = "PRESSURE" | "ORBIT" | "BAIT";\n' +
      'type EnemyPersona = "BRAWLER" | "SKIRMISHER";\n' +
      'type EnemyAdaptation = "NEUTRAL" | "ANTI_STEP" | "ANTI_RUSH";\n' +
      '\n' +
      'function horizontalDirection(from: THREE.Vector3, to: THREE.Vector3): THREE.Vector3 {\n' +
      '  const result = new THREE.Vector3(to.x - from.x, 0, to.z - from.z);\n' +
      '  return result.lengthSq() > 1e-8 ? result.normalize() : new THREE.Vector3(1, 0, 0);\n' +
      '}\n' +
      '\n' +
      'const TPS_CPU_ATTACK_MOVES: Partial<Record<CpuIntent, string>> = {\n' +
      '  JAB: "jab",\n' +
      '  STRAIGHT: "straight",\n' +
      '  BACKFIST: "backfist",\n' +
      '  BODY_BLOW: "bodyBlow",\n' +
      '  POWER: "power",\n' +
      '  KICK: "kick",\n' +
      '  LOW_KICK: "lowKick",\n' +
      '  RISING_KICK: "risingKick",\n' +
      '  DASH_KICK: "dashKick",\n' +
      '  THROW: "throw",\n' +
      '  COUNTER: "counter",\n' +
      '};\n' +
      '\n' +
      'function cpuActorSnapshot(fighter: FighterRuntime): CpuActorSnapshot {\n' +
      '  return {\n' +
      '    health: fighter.health,\n' +
      '    guardDamage: fighter.guardDamage,\n' +
      '    state: fighter.state,\n' +
      '    moveId: fighter.currentMove?.id ?? null,\n' +
      '    movePower: fighter.currentMove?.power ?? 0,\n' +
      '    isActive: fighter.isActive(),\n' +
      '    grounded: fighter.grounded,\n' +
      '    x: fighter.position.x,\n' +
      '    z: fighter.position.z,\n' +
      '    facing: fighter.facing,\n' +
      '  };\n' +
      '}\n' +
      '\n' +
      'function clampToArena(position: THREE.Vector3, margin = 0.72): void {\n' +
      '  const radial = new THREE.Vector2(position.x, position.z);\n' +
      '  const maximum = ARENA_RADIUS - margin;\n' +
      '  if (radial.lengthSq() <= maximum * maximum) return;\n' +
      '  radial.setLength(maximum);\n' +
      '  position.x = radial.x;\n' +
      '  position.z = radial.y;\n' +
      '}\n' +
      '\n' +
      'function ease(current: THREE.Vector3, target: THREE.Vector3, rate: number, delta: number): void {\n' +
      '  current.lerp(target, 1 - Math.exp(-rate * delta));\n' +
      '}\n' +
      '\n' +
      'function createCircularArena(): { group: THREE.Group; disposables: Array<THREE.BufferGeometry | THREE.Material> } {\n' +
      '  const group = new THREE.Group();\n' +
      '  group.name = "tps-circular-arena";\n' +
      '  const disposables: Array<THREE.BufferGeometry | THREE.Material> = [];\n' +
      '\n' +
      '  const floorGeometry = new THREE.CircleGeometry(ARENA_RADIUS, 72);\n' +
      '  const floorMaterial = new THREE.MeshPhysicalMaterial({\n' +
      '  color: 0x081827,\n' +
      '  emissive: 0x02070e,\n' +
      '  emissiveIntensity: 0.34,\n' +
      '  roughness: 0.62,\n' +
      '  metalness: 0.28,\n' +
      '  clearcoat: 0.32,\n' +
      '  clearcoatRoughness: 0.78,\n' +
      '});\n' +
      '  const floor = new THREE.Mesh(floorGeometry, floorMaterial);\n' +
      '  floor.rotation.x = -Math.PI / 2;\n' +
      '  floor.position.y = -0.012;\n' +
      '  group.add(floor);\n' +
      '  disposables.push(floorGeometry, floorMaterial);\n' +
      '\n' +
      '  const boundaryGeometry = new THREE.TorusGeometry(ARENA_RADIUS, 0.055, 8, 96);\n' +
      '  const boundaryMaterial = new THREE.MeshBasicMaterial({ color: 0x4bd7ff, transparent: true, opacity: 0.9 });\n' +
      '  const boundary = new THREE.Mesh(boundaryGeometry, boundaryMaterial);\n' +
      '  boundary.rotation.x = Math.PI / 2;\n' +
      '  boundary.position.y = 0.025;\n' +
      '  group.add(boundary);\n' +
      '  disposables.push(boundaryGeometry, boundaryMaterial);\n' +
      '\n' +
      '  // A faint elevated rail gives the shoulder camera a stable horizon reference.\n' +
      '  // It also fills the otherwise empty upper half of the TPS composition without\n' +
      '  // placing opaque scenery between the camera and the fighters.\n' +
      '  const horizonGeometry = new THREE.TorusGeometry(ARENA_RADIUS + 2.15, 0.018, 6, 96);\n' +
      '  const horizonMaterial = new THREE.MeshBasicMaterial({\n' +
      '    color: 0x2d8dbf,\n' +
      '    transparent: true,\n' +
      '    opacity: 0.2,\n' +
      '    depthWrite: false,\n' +
      '  });\n' +
      '  const horizon = new THREE.Mesh(horizonGeometry, horizonMaterial);\n' +
      '  horizon.rotation.x = Math.PI / 2;\n' +
      '  horizon.position.y = 1.45;\n' +
      '  group.add(horizon);\n' +
      '  disposables.push(horizonGeometry, horizonMaterial);\n' +
      '\n' +
      '  for (let radius = 1.7; radius < ARENA_RADIUS; radius += 1.7) {\n' +
      '    const geometry = new THREE.TorusGeometry(radius, 0.012, 4, 64);\n' +
      '    const material = new THREE.MeshBasicMaterial({ color: 0x173a5a, transparent: true, opacity: 0.58 });\n' +
      '    const ring = new THREE.Mesh(geometry, material);\n' +
      '    ring.rotation.x = Math.PI / 2;\n' +
      '    ring.position.y = 0.004;\n' +
      '    group.add(ring);\n' +
      '    disposables.push(geometry, material);\n' +
      '  }\n' +
      '\n' +
      '  const spokeMaterial = new THREE.LineBasicMaterial({ color: 0x173a5a, transparent: true, opacity: 0.52 });\n' +
      '  disposables.push(spokeMaterial);\n' +
      '  for (let index = 0; index < 12; index += 1) {\n' +
      '    const angle = index * Math.PI / 6;\n' +
      '    const geometry = new THREE.BufferGeometry().setFromPoints([\n' +
      '      new THREE.Vector3(0, 0.008, 0),\n' +
      '      new THREE.Vector3(Math.cos(angle) * ARENA_RADIUS, 0.008, Math.sin(angle) * ARENA_RADIUS),\n' +
      '    ]);\n' +
      '    group.add(new THREE.Line(geometry, spokeMaterial));\n' +
      '    disposables.push(geometry);\n' +
      '  }\n' +
      '\n' +
      '  // Keep scenery outside the shoulder-camera orbit. The previous pillar ring\n' +
      '  // sat directly between the camera and fighters and produced large foreground\n' +
      '  // slabs during strafing. These thinner beacons preserve depth without blocking play.\n' +
      '  const pillarGeometry = new THREE.CylinderGeometry(0.07, 0.12, 1.45, 8);\n' +
      '  const pillarMaterial = new THREE.MeshStandardMaterial({ color: 0x143454, emissive: 0x07365d, emissiveIntensity: 0.9, roughness: 0.7 });\n' +
      '  const beaconGeometry = new THREE.OctahedronGeometry(0.11, 0);\n' +
      '  const beaconMaterial = new THREE.MeshBasicMaterial({ color: 0x61ddff, transparent: true, opacity: 0.72 });\n' +
      '  disposables.push(pillarGeometry, pillarMaterial, beaconGeometry, beaconMaterial);\n' +
      '  for (let index = 0; index < 12; index += 1) {\n' +
      '    const angle = index * Math.PI / 6;\n' +
      '    const x = Math.cos(angle) * (ARENA_RADIUS + 2.15);\n' +
      '    const z = Math.sin(angle) * (ARENA_RADIUS + 2.15);\n' +
      '    const pillar = new THREE.Mesh(pillarGeometry, pillarMaterial);\n' +
      '    pillar.position.set(x, 0.725, z);\n' +
      '    const beacon = new THREE.Mesh(beaconGeometry, beaconMaterial);\n' +
      '    beacon.position.set(x, 1.5, z);\n' +
      '    group.add(pillar, beacon);\n' +
      '  }\n' +
      '\n' +
      '  return { group, disposables };\n' +
      '}\n' +
      '\n' +
      'export class TpsFightGame {\n' +
      '  readonly input = new InputSystem();\n' +
      '  readonly settings = new SettingsManager();\n' +
      '  readonly audio = new AudioManager();\n' +
      '  readonly animation = new PresentationAnimationController();\n' +
      '  readonly p1: FighterRuntime;\n' +
      '  readonly p2: FighterRuntime;\n' +
      '  readonly scene: THREE.Scene;\n' +
      '  readonly camera: THREE.PerspectiveCamera;\n' +
      '  readonly renderer: THREE.WebGLRenderer;\n' +
      '  readonly effects = new EffectsManager();\n' +
      '  readonly graphics: TpsGraphicsDirector;\n' +
      '\n' +
      '  private readonly mount: HTMLElement;\n' +
      '  private readonly options: TpsFightGameOptions;\n' +
      '  private readonly clock = new FixedStepClock(FIXED_STEP);\n' +
      '  private readonly arenaDisposables: Array<THREE.BufferGeometry | THREE.Material>;\n' +
      '  private readonly lockRing: THREE.Mesh<THREE.TorusGeometry, THREE.MeshBasicMaterial>;\n' +
      '  private readonly lockStem: THREE.Line<THREE.BufferGeometry, THREE.LineBasicMaterial>;\n' +
      '  private readonly targetGroundRing: THREE.Mesh<THREE.RingGeometry, THREE.MeshBasicMaterial>;\n' +
      '  private readonly visibilityHandler: () => void;\n' +
      '  private readonly difficulty: CpuDifficulty;\n' +
      '  private raf = 0;\n' +
      '  private running = false;\n' +
      '  private paused = false;\n' +
      '  private lastTime = 0;\n' +
      '  private renderTime = 0;\n' +
      '  private timerTicks = ROUND_TICKS;\n' +
      '  private enemyCooldown = 48;\n' +
      '  // Give the player a brief orientation/read window at the start of a TPS duel.\n' +
      '  // The CPU may reposition or guard during this window, but it cannot open with an attack.\n' +
      '  private enemyOpeningGraceTicks = 132;\n' +
      '  private finished = false;\n' +
      '  private finishPending = false;\n' +
      '  private finishTicks = 0;\n' +
      '  private finishSettledTicks = 0;\n' +
      '  private resultWinner: "p1" | "p2" | "draw" | null = null;\n' +
      '  private lastHudTick = -1;\n' +
      '  private runtimeFailureReported = false;\n' +
      '  private reado'... 73266 more characters
    
  code: 'ERR_ASSERTION'
  name: 'AssertionError'
  expected:
  actual: |-
    import * as THREE from "three";
    import { AudioManager } from "./audio";
    import { EffectsManager } from "./effects";
    import { FighterRuntime, type CpuDifficulty } from "./fighter";
    import { CpuFunDirector, isAttackIntent, type CpuActorSnapshot, type CpuDecision, type CpuIntent, type CpuSituation } from "./cpu-director";
    import { FixedStepClock } from "./fixed";
    import { InputSystem } from "./input";
    import { PresentationAnimationController } from "./presentation-animation";
    import { SettingsManager } from "./settings";
    import { TpsGraphicsDirector } from "./tps-graphics";
    import { createFighterVisual, disposeFighterVisual } from "./visual-entry";
    import type { FighterModelId } from "./model-skins";
    import type { FighterDefinition, HitEvent, HudSnapshot, InputAction, InputFrame } from "./types";
    import { EMPTY_INPUT } from "./types";
    
    export interface TpsFightGameOptions {
      p1Definition: FighterDefinition;
      p2Definition: FighterDefinition;
      p1Model?: FighterModelId;
      p2Model?: FighterModelId;
      difficulty?: CpuDifficulty;
      onHud?: (snapshot: HudSnapshot) => void;
      onResult?: (winner: "p1" | "p2" | "draw") => void;
      onFallback?: (message: string) => void;
    }
    
    const ARENA_RADIUS = 6.8;
    const FIXED_STEP = 1 / 60;
    const ROUND_TICKS = 99 * 60;
    const TPS_STRIKE_RANGE = 2.12;
    const TPS_CLOSE_ATTACK_RANGE = 1.58;
    const TPS_STEP_TICKS = 9;
    const TPS_STEP_COOLDOWN_TICKS = 18;
    const TPS_COMBO_GRACE_TICKS = 34;
    const TPS_FLANK_WINDOW_TICKS = 30;
    const TPS_PERFECT_EVADE_TICKS = 18;
    const TPS_INTERCEPT_TICKS = 26;
    const TPS_REVERSAL_TICKS = 24;
    const TPS_COMBAT_BEAT_TICKS = 34;
    const TPS_FINISHER_BEAT_TICKS = 72;
    const TPS_ADAPT_REVIEW_TICKS = 180;
    const TPS_KO_MIN_SHOW_TICKS = 72;
    const TPS_KO_SETTLED_HOLD_TICKS = 30;
    const TPS_KO_MAX_SHOW_TICKS = 150;
    const ENEMY_TACTIC_INTERVAL = 72;
    const TPS_CAMERA_CLOSE_SHOULDER_BONUS = 3.75;
    const TPS_CAMERA_CLOSE_BACK_DELTA = -0.95;
    const TPS_CAMERA_CLOSE_ANCHOR_BLEND = 0.88;
    const TPS_CAMERA_CLOSE_TARGET_MIDPOINT_BLEND = 0.42;
    const TPS_CAMERA_CLOSE_TARGET_SIDE_SHIFT = 0.36;
    const TPS_CAMERA_CLOSE_TARGET_LIFT = 0.14;
    const TPS_CAMERA_IMPACT_BACK_DELTA = 0.24;
    const TPS_CAMERA_IMPACT_SHOULDER = 0.18;
    const TPS_CAMERA_MAX_TRAVEL_SPEED = 15.0;
    const TPS_CLOSE_ORBIT_SPEED_SCALE = 0.65;
    const TPS_IMPACT_CONTACT_MINIMUM = 1.52;
    const TPS_IMPACT_CONTACT_MINIMUM_HEAVY = 1.58;
    const TPS_IMPACT_CONTACT_MINIMUM_KICK = 1.62;
    const TPS_IMPACT_HEIGHTS: Readonly<Record<string, number>> = Object.freeze({
      jab: 2.62,
      straight: 2.60,
      backfist: 2.48,
      bodyBlow: 2.12,
      power: 2.35,
      kick: 1.80,
      lowKick: 0.92,
      risingKick: 2.06,
      dashKick: 1.98,
      throw: 1.75,
      counter: 2.66,
    });
    const MODEL_FORWARD = new THREE.Vector3(0, 0, 1);
    type EnemyTactic = "PRESSURE" | "ORBIT" | "BAIT";
    type EnemyPersona = "BRAWLER" | "SKIRMISHER";
    type EnemyAdaptation = "NEUTRAL" | "ANTI_STEP" | "ANTI_RUSH";
    
    function horizontalDirection(from: THREE.Vector3, to: THREE.Vector3): THREE.Vector3 {
      const result = new THREE.Vector3(to.x - from.x, 0, to.z - from.z);
      return result.lengthSq() > 1e-8 ? result.normalize() : new THREE.Vector3(1, 0, 0);
    }
    
    const TPS_CPU_ATTACK_MOVES: Partial<Record<CpuIntent, string>> = {
      JAB: "jab",
      STRAIGHT: "straight",
      BACKFIST: "backfist",
      BODY_BLOW: "bodyBlow",
      POWER: "power",
      KICK: "kick",
      LOW_KICK: "lowKick",
      RISING_KICK: "risingKick",
      DASH_KICK: "dashKick",
      THROW: "throw",
      COUNTER: "counter",
    };
    
    function cpuActorSnapshot(fighter: FighterRuntime): CpuActorSnapshot {
      return {
        health: fighter.health,
        guardDamage: fighter.guardDamage,
        state: fighter.state,
        moveId: fighter.currentMove?.id ?? null,
        movePower: fighter.currentMove?.power ?? 0,
        isActive: fighter.isActive(),
        grounded: fighter.grounded,
        x: fighter.position.x,
        z: fighter.position.z,
        facing: fighter.facing,
      };
    }
    
    function clampToArena(position: THREE.Vector3, margin = 0.72): void {
      const radial = new THREE.Vector2(position.x, position.z);
      const maximum = ARENA_RADIUS - margin;
      if (radial.lengthSq() <= maximum * maximum) return;
      radial.setLength(maximum);
      position.x = radial.x;
      position.z = radial.y;
    }
    
    function ease(current: THREE.Vector3, target: THREE.Vector3, rate: number, delta: number): void {
      current.lerp(target, 1 - Math.exp(-rate * delta));
    }
    
    function createCircularArena(): { group: THREE.Group; disposables: Array<THREE.BufferGeometry | THREE.Material> } {
      const group = new THREE.Group();
      group.name = "tps-circular-arena";
      const disposables: Array<THREE.BufferGeometry | THREE.Material> = [];
    
      const floorGeometry = new THREE.CircleGeometry(ARENA_RADIUS, 72);
      const floorMaterial = new THREE.MeshPhysicalMaterial({
      color: 0x081827,
      emissive: 0x02070e,
      emissiveIntensity: 0.34,
      roughness: 0.62,
      metalness: 0.28,
      clearcoat: 0.32,
      clearcoatRoughness: 0.78,
    });
      const floor = new THREE.Mesh(floorGeometry, floorMaterial);
      floor.rotation.x = -Math.PI / 2;
      floor.position.y = -0.012;
      group.add(floor);
      disposables.push(floorGeometry, floorMaterial);
    
      const boundaryGeometry = new THREE.TorusGeometry(ARENA_RADIUS, 0.055, 8, 96);
      const boundaryMaterial = new THREE.MeshBasicMaterial({ color: 0x4bd7ff, transparent: true, opacity: 0.9 });
      const boundary = new THREE.Mesh(boundaryGeometry, boundaryMaterial);
      boundary.rotation.x = Math.PI / 2;
      boundary.position.y = 0.025;
      group.add(boundary);
      disposables.push(boundaryGeometry, boundaryMaterial);
    
      // A faint elevated rail gives the shoulder camera a stable horizon reference.
      // It also fills the otherwise empty upper half of the TPS composition without
      // placing opaque scenery between the camera and the fighters.
      const horizonGeometry = new THREE.TorusGeometry(ARENA_RADIUS + 2.15, 0.018, 6, 96);
      const horizonMaterial = new THREE.MeshBasicMaterial({
        color: 0x2d8dbf,
        transparent: true,
        opacity: 0.2,
        depthWrite: false,
      });
      const horizon = new THREE.Mesh(horizonGeometry, horizonMaterial);
      horizon.rotation.x = Math.PI / 2;
      horizon.position.y = 1.45;
      group.add(horizon);
      disposables.push(horizonGeometry, horizonMaterial);
    
      for (let radius = 1.7; radius < ARENA_RADIUS; radius += 1.7) {
        const geometry = new THREE.TorusGeometry(radius, 0.012, 4, 64);
        const material = new THREE.MeshBasicMaterial({ color: 0x173a5a, transparent: true, opacity: 0.58 });
        const ring = new THREE.Mesh(geometry, material);
        ring.rotation.x = Math.PI / 2;
        ring.position.y = 0.004;
        group.add(ring);
        disposables.push(geometry, material);
      }
    
      const spokeMaterial = new THREE.LineBasicMaterial({ color: 0x173a5a, transparent: true, opacity: 0.52 });
      disposables.push(spokeMaterial);
      for (let index = 0; index < 12; index += 1) {
        const angle = index * Math.PI / 6;
        const geometry = new THREE.BufferGeometry().setFromPoints([
          new THREE.Vector3(0, 0.008, 0),
          new THREE.Vector3(Math.cos(angle) * ARENA_RADIUS, 0.008, Math.sin(angle) * ARENA_RADIUS),
        ]);
        group.add(new THREE.Line(geometry, spokeMaterial));
        disposables.push(geometry);
      }
    
      // Keep scenery outside the shoulder-camera orbit. The previous pillar ring
      // sat directly between the camera and fighters and produced large foreground
      // slabs during strafing. These thinner beacons preserve depth without blocking play.
      const pillarGeometry = new THREE.CylinderGeometry(0.07, 0.12, 1.45, 8);
      const pillarMaterial = new THREE.MeshStandardMaterial({ color: 0x143454, emissive: 0x07365d, emissiveIntensity: 0.9, roughness: 0.7 });
      const beaconGeometry = new THREE.OctahedronGeometry(0.11, 0);
      const beaconMaterial = new THREE.MeshBasicMaterial({ color: 0x61ddff, transparent: true, opacity: 0.72 });
      disposables.push(pillarGeometry, pillarMaterial, beaconGeometry, beaconMaterial);
      for (let index = 0; index < 12; index += 1) {
        const angle = index * Math.PI / 6;
        const x = Math.cos(angle) * (ARENA_RADIUS + 2.15);
        const z = Math.sin(angle) * (ARENA_RADIUS + 2.15);
        const pillar = new THREE.Mesh(pillarGeometry, pillarMaterial);
        pillar.position.set(x, 0.725, z);
        const beacon = new THREE.Mesh(beaconGeometry, beaconMaterial);
        beacon.position.set(x, 1.5, z);
        group.add(pillar, beacon);
      }
    
      return { group, disposables };
    }
    
    export class TpsFightGame {
      readonly input = new InputSystem();
      readonly settings = new SettingsManager();
      readonly audio = new AudioManager();
      readonly animation = new PresentationAnimationController();
      readonly p1: FighterRuntime;
      readonly p2: FighterRuntime;
      readonly scene: THREE.Scene;
      readonly camera: THREE.PerspectiveCamera;
      readonly renderer: THREE.WebGLRenderer;
      readonly effects = new EffectsManager();
      readonly graphics: TpsGraphicsDirector;
    
      private readonly mount: HTMLElement;
      private readonly options: TpsFightGameOptions;
      private readonly clock = new FixedStepClock(FIXED_STEP);
      private readonly arenaDisposables: Array<THREE.BufferGeometry | THREE.Material>;
      private readonly lockRing: THREE.Mesh<THREE.TorusGeometry, THREE.MeshBasicMaterial>;
      private readonly lockStem: THREE.Line<THREE.BufferGeometry, THREE.LineBasicMaterial>;
      private readonly targetGroundRing: THREE.Mesh<THREE.RingGeometry, THREE.MeshBasicMaterial>;
      private readonly visibilityHandler: () => void;
      private readonly difficulty: CpuDifficulty;
      private raf = 0;
      private running = false;
      private paused = false;
      private lastTime = 0;
      private renderTime = 0;
      private timerTicks = ROUND_TICKS;
      private enemyCooldown = 48;
      // Give the player a brief orientation/read window at the start of a TPS duel.
      // The CPU may reposition or guard during this window, but it cannot open with an attack.
      private enemyOpeningGraceTicks = 132;
      private finished = false;
      private finishPending = false;
      private finishTicks = 0;
      private finishSettledTicks = 0;
      private resultWinner: "p1" | "p2" | "draw" | null = null;
      private lastHudTick = -1;
      private runtimeFailureReported = false;
      private readonly cameraTarget = new THREE.Vector3();
      private readonly cameraLookTarget = new THREE.Vector3();
      private readonly cameraDesired = new THREE.Vector3();
      private readonly cameraFrameStart = new THREE.Vector3();
      private readonly cameraFrameDelta = new THREE.Vector3();
      private readonly cameraPairMidpoint = new THREE.Vector3();
      private readonly cameraAnchor = new THREE.Vector3();
      private readonly cameraFocus = new THREE.Vector3();
      // `guard` remains the internal STEP input so the shared input layer and keyboard mapping stay compatible.
      // The TPS UI exposes only ATTACK + STEP.
      private playerEvadeTicks = 0;
      private playerEvadeCooldown = 0;
      private playerEvadeSign = 0;
      private readonly playerStepDirection = new THREE.Vector3();
      private playerStepForwardWeight = 0;
      private playerStepSideWeight = 0;
      private playerComboStage = 0;
      private playerComboGraceTicks = 0;
      private playerAttackQueued = false;
      private playerFlankWindowTicks = 0;
      private playerFlankAttackTicks = 0;
      private playerPerfectEvadeTicks = 0;
      private playerStepThreatTicks = 0;
      private playerInterceptTicks = 0;
      private playerReversalTicks = 0;
      private combatBeatLabel: string | null = null;
      private combatBeatTicks = 0;
      private playerAttackSamples = 0;
      private playerStepSamples = 0;
      private enemyAdaptReviewTicks = TPS_ADAPT_REVIEW_TICKS;
      private enemyPersona: EnemyPersona = "BRAWLER";
      private enemyAdaptation: EnemyAdaptation = "NEUTRAL";
      private simulationTicks = 0;
      private cameraImpact = 0;
      private enemyTactic: EnemyTactic = "ORBIT";
      private enemyTacticTicks = 0;
      private enemyOrbitSign = 1;
      private enemyFunDirector: CpuFunDirector;
      private enemyDirectorDecision: CpuDecision | null = null;
      private enemyDirectorHoldTicks = 0;
      private enemyDirectorTelegraphTicks = 0;
      private enemyDirectorPendingMove: string | null = null;
    
      constructor(mount: HTMLElement, options: TpsFightGameOptions) {
        this.mount = mount;
        this.options = options;
        this.difficulty = options.difficulty ?? "NORMAL";
        const settings = this.settings.load();
    
        try {
          this.renderer = new THREE.WebGLRenderer({
            antialias: settings.quality !== "LOW",
            alpha: false,
            powerPreference: "high-performance",
            failIfMajorPerformanceCaveat: false,
          });
        } catch {
          options.onFallback?.("TPSモードのWebGLを初期化できませんでした。Safariを再読み込みしてもう一度お試しください。");
          throw new Error("POLY_FIGHTER_TPS_WEBGL_UNAVAILABLE");
        }
    
        this.scene = new THREE.Scene();
        this.scene.background = new THREE.Color(0x030b16);
        this.scene.fog = new THREE.FogExp2(0x030b16, 0.032);
        this.camera = new THREE.PerspectiveCamera(47, 1, 0.1, 80);
        this.renderer.outputColorSpace = THREE.SRGBColorSpace;
        this.renderer.shadowMap.enabled = false;
        this.renderer.domElement.setAttribute("aria-label", "POLY FIGHTER TPS lock-on battle arena");
        this.mount.replaceChildren(this.renderer.domElement);
    
        const dpr = settings.quality === "LOW" ? 1 : settings.quality === "HIGH" ? 1.75 : 1.35;
        this.renderer.setPixelRatio(Math.min(window.devicePixelRatio || 1, dpr));
        this.resize();
        window.addEventListener("resize", this.resize);
        window.addEventListener("orientationchange", this.resize);
    
        this.visibilityHandler = () => {
          if (!document.hidden) return;
          this.clock.reset();
          this.lastTime = performance.now();
          this.input.clear();
        };
        document.addEventListener("visibilitychange", this.visibilityHandler);
        this.input.attachKeyboard(document);
    
        const hemi = new THREE.HemisphereLight(0xaedcff, 0x07101d, 2.35);
        const key = new THREE.DirectionalLight(0xffffff, 3.8);
        key.position.set(-4, 9, 5);
        const rim = new THREE.DirectionalLight(0x42c9ff, 2.8);
        rim.position.set(5, 4, -6);
        this.scene.add(hemi, key, rim);
    
        const arena = createCircularArena();
        this.arenaDisposables = arena.disposables;
        this.scene.add(arena.group, this.effects.group);
        this.graphics = new TpsGraphicsDirector(this.scene, this.renderer, ARENA_RADIUS, settings.quality);
    
        this.p1 = new FighterRuntime("p1", options.p1Definition, false, createFighterVisual(options.p1Definition, settings.quality, options.p1Model ?? "ORIGINAL"));
        this.p2 = new FighterRuntime("p2", options.p2Definition, true, createFighterVisual(options.p2Definition, settings.quality, options.p2Model ?? "ORIGINAL"));
        this.scene.add(this.p1.visual.root, this.p2.visual.root);
        this.enemyPersona = this.p2.definition.archetype === "SPEED" ? "SKIRMISHER" : "BRAWLER";
        this.enemyFunDirector = new CpuFunDirector(this.difficulty, 47);
    
        const lockGeometry = new THREE.TorusGeometry(0.38, 0.018, 8, 48);
        const lockMaterial = new THREE.MeshBasicMaterial({ color: 0x7ce8ff, transparent: true, opacity: 0.82, depthTest: true, depthWrite: false });
        this.lockRing = new THREE.Mesh(lockGeometry, lockMaterial);
        this.lockRing.renderOrder = 20;
        this.scene.add(this.lockRing);
        this.arenaDisposables.push(lockGeometry, lockMaterial);
    
        const stemGeometry = new THREE.BufferGeometry().setFromPoints([new THREE.Vector3(), new THREE.Vector3(0, 0.34, 0)]);
        const stemMaterial = new THREE.LineBasicMaterial({ color: 0x7ce8ff, transparent: true, opacity: 0.76, depthTest: true, depthWrite: false });
        this.lockStem = new THREE.Line(stemGeometry, stemMaterial);
        this.lockStem.renderOrder = 20;
        this.scene.add(this.lockStem);
        this.arenaDisposables.push(stemGeometry, stemMaterial);
    
        // Keep target location readable even when the foreground player overlaps it.
        const targetGroundGeometry = new THREE.RingGeometry(0.58, 0.70, 48);
        const targetGroundMaterial = new THREE.MeshBasicMaterial({
          color: 0x7ce8ff,
          transparent: true,
          opacity: 0.3,
          depthTest: true,
          depthWrite: false,
          side: THREE.DoubleSide,
        });
        this.targetGroundRing = new THREE.Mesh(targetGroundGeometry, targetGroundMaterial);
        this.targetGroundRing.name = "tps-target-ground-ring";
        this.targetGroundRing.rotation.x = -Math.PI / 2;
        this.targetGroundRing.position.y = 0.035;
        this.scene.add(this.targetGroundRing);
        this.arenaDisposables.push(targetGroundGeometry, targetGroundMaterial);
    
        this.effects.onShake = (amount) => {
          if (!this.settings.get().cameraShake) return;
          this.cameraImpact = Math.min(0.085, this.cameraImpact + amount * 0.55);
        };
        this.resetRound();
        this.publishHud(true);
      }
    
      interact(): void { void this.audio.resume(); }
      press(action: InputAction, owner: number | string): void { this.interact(); this.input.press(action, owner); }
      release(action: InputAction, owner: number | string): void { this.input.release(action, owner); }
      releaseOwner(owner: number | string): void { this.input.releaseOwner(owner); }
      pause(): void { this.paused = true; this.input.clear(); }
      resume(): void { this.paused = false; this.lastTime = performance.now(); }
    
      updateSettings(patch: Parameters<SettingsManager["update"]>[0]): void {
        const settings = this.settings.update(patch);
        this.audio.setEnabled(settings.audio);
        const dpr = settings.quality === "LOW" ? 1 : settings.quality === "HIGH" ? 1.75 : 1.35;
        this.renderer.setPixelRatio(Math.min(window.devicePixelRatio || 1, dpr));
        this.resize();
        this.graphics.setQuality(settings.quality);
      }
    
      start(): void {
        if (this.running) return;
        this.running = true;
        this.lastTime = performance.now();
        this.audio.roundStart();
        this.raf = window.requestAnimationFrame(this.loop);
      }
    
      rematch(): void {
        this.finished = false;
        this.timerTicks = ROUND_TICKS;
        this.resetRound();
        this.audio.roundStart();
        this.publishHud(true);
      }
    
      private resize = (): void => {
        const width = Math.max(1, this.mount.clientWidth || window.innerWidth);
        const height = Math.max(1, this.mount.clientHeight || window.innerHeight);
        const aspect = width / height;
        this.camera.aspect = aspect;
        // iPhone landscape has much less vertical room than the wide desktop audit.
        // A slightly wider lens keeps both fighters readable without shrinking touch UI.
        this.camera.fov = width > height && aspect < 2.4 ? 52 : 47;
        this.camera.updateProjectionMatrix();
        this.renderer.setSize(width, height, false);
      };
    
      private loop = (now: number): void => {
        if (!this.running || this.runtimeFailureReported) return;
        try {
          const elapsed = Math.min(0.2, Math.max(0, (now - this.lastTime) / 1000));
          this.lastTime = now;
          this.clock.advance(elapsed, () => this.step());
          this.renderTime += elapsed;
          this.effects.update(elapsed);
          this.graphics.update(this.p1, this.p2, this.renderTime, elapsed);
          this.updateCamera(Math.max(0.001, elapsed));
          this.updateLockOn();
          this.renderer.render(this.scene, this.camera);
          this.raf = window.requestAnimationFrame(this.loop);
        } catch (error) {
          this.runtimeFailureReported = true;
          this.running = false;
          console.error("[POLY FIGHTER TPS] runtime failure", error);
          this.options.onFallback?.("TPSモードの描画中にエラーが発生しました。Safariを再読み込みしてもう一度お試しください。");
        }
      };
    
      private step(): void {
        if (this.paused || this.finished) return;
        if (this.combatBeatTicks > 0) this.combatBeatTicks -= 1;
        else this.combatBeatLabel = null;
        if (this.finishPending) {
          this.simulationTicks += 1;
          this.finishTicks += 1;
          this.input.clear();
    
          // A KO must remain visible as a physical event. Stop all new combat/input,
          // but keep deterministic passive physics and presentation alive until the
          // defeated fighter has actually landed and rested on the floor.
          this.p1.updatePhysics(FIXED_STEP);
          this.p2.updatePhysics(FIXED_STEP);
          clampToArena(this.p1.position);
          clampToArena(this.p2.position);
          this.updateVisual(this.p1, this.p2, this.renderTime);
          this.updateVisual(this.p2, this.p1, this.renderTime + 0.23);
    
          const defeated = this.resultWinner === "p1"
            ? this.p2
            : this.resultWinner === "p2"
              ? this.p1
              : null;
          const settled = !defeated || (defeated.grounded && defeated.position.y <= 0.001 && Math.abs(defeated.velocity.y) <= 0.001);
          this.finishSettledTicks = settled ? this.finishSettledTicks + 1 : 0;
    
          const landingShown = this.finishTicks >= TPS_KO_MIN_SHOW_TICKS
            && this.finishSettledTicks >= TPS_KO_SETTLED_HOLD_TICKS;
          if (landingShown || this.finishTicks >= TPS_KO_MAX_SHOW_TICKS) {
            this.finishPending = false;
            this.finished = true;
            const winner = this.resultWinner ?? "draw";
            this.publishHud(true);
            this.options.onResult?.(winner);
          } else {
            this.publishHud(false);
          }
          return;
        }
        this.simulationTicks += 1;
        this.timerTicks = Math.max(0, this.timerTicks - 1);
        const input = this.input.frame();
        this.updatePlayer(input);
        this.updateEnemy();
        // A short authored step-in keeps lock-on melee responsive without pulling a
        // fighter across the arena. It is only active during startup and only when
        // the target is already just outside normal contact range.
        this.applyAttackStepIn(this.p1, this.p2);
        this.applyAttackStepIn(this.p2, this.p1);
        this.resolveAttack(this.p1, this.p2, this.p2.state === "GUARD");
        this.resolveAttack(this.p2, this.p1, this.p1.state === "GUARD");
        this.separateFighters();
        clampToArena(this.p1.position);
        clampToArena(this.p2.position);
        this.updateVisual(this.p1, this.p2, this.renderTime);
        this.updateVisual(this.p2, this.p1, this.renderTime + 0.23);
        this.checkFinish();
        this.publishHud(false);
      }
    
      private updatePlayer(input: InputFrame): void {
        this.p1.setInput(input);
        const attackPressed = this.p1.justPressed("punch");
        const stepPressed = this.p1.justPressed("guard");
        const legacyKickPressed = this.p1.justPressed("kick");
        if (attackPressed) this.playerAttackSamples += 1;
        if (stepPressed) this.playerStepSamples += 1;
    
        if (this.playerEvadeCooldown > 0) this.playerEvadeCooldown -= 1;
        if (this.playerComboGraceTicks > 0) this.playerComboGraceTicks -= 1;
        else if (this.p1.state !== "ATTACK") this.playerComboStage = 0;
        if (this.playerFlankWindowTicks > 0) this.playerFlankWindowTicks -= 1;
        if (this.playerFlankAttackTicks > 0) this.playerFlankAttackTicks -= 1;
        if (this.playerPerfectEvadeTicks > 0) this.playerPerfectEvadeTicks -= 1;
        if (this.playerStepThreatTicks > 0) this.playerStepThreatTicks -= 1;
        if (this.playerInterceptTicks > 0) this.playerInterceptTicks -= 1;
        if (this.playerReversalTicks > 0) this.playerReversalTicks -= 1;
    
        const toEnemy = horizontalDirection(this.p1.position, this.p2.position);
        const right = new THREE.Vector3(-toEnemy.z, 0, toEnemy.x);
        const forwardAxis = (input.up ? 1 : 0) - (input.down ? 1 : 0);
        const sideAxis = (input.right ? 1 : 0) - (input.left ? 1 : 0);
        const move = toEnemy.clone().multiplyScalar(forwardAxis).addScaledVector(right, sideAxis);
        const moveSpeed = this.p1.definition.archetype === "SPEED" ? 4.0 : 3.35;
    
        // Keep the old keyboard-only G+K throw reachable for regression/debugging,
        // but it is deliberately absent from the TPS touch UI. The player-facing
        // control scheme is ATTACK + STEP only.
        const legacyThrowPressed = input.guard && input.kick && (stepPressed || legacyKickPressed);
        if (legacyThrowPressed && this.p1.canAct()) {
          this.playerEvadeTicks = 0;
          this.playerAttackQueued = false;
          this.playerComboStage = 0;
          this.playerComboGraceTicks = 0;
          this.p1.beginMove("throw");
          this.p1.updatePhysics(FIXED_STEP);
          return;
        }
    
        // ATTACK taps during recovery are buffered. Once the current move finishes,
        // the next context-sensitive strike starts immediately, giving repeated taps
        // a reliable three-hit combo without requiring frame-perfect timing.
        if (this.p1.state === "ATTACK") {
          if (attackPressed && this.playerComboStage < 3) this.playerAttackQueued = true;
          // A repeated ATTACK only chains if the previous strike actually reached the target.
          // This keeps mash-friendly hit confirms while making whiffs meaningfully punishable.
          const comboConfirmed = this.p1.hitTargets.has(this.p2.id);
          this.p1.advanceAttack();
          this.p1.updatePhysics(FIXED_STEP);
          if (this.p1.state !== "ATTACK") {
            if (this.playerAttackQueued && this.playerComboStage < 3 && comboConfirmed && this.p1.canAct()) {
              this.playerAttackQueued = false;
              this.beginContextAttack();
            } else {
              this.playerAttackQueued = false;
              if (!comboConfirmed || this.playerComboStage >= 3) {
                this.playerComboStage = 0;
                this.playerComboGraceTicks = 0;
              }
            }
          }
          return;
        }
    
        if (this.advanceLockedState(this.p1)) {
          this.playerEvadeTicks = 0;
          this.playerAttackQueued = false;
          this.playerComboStage = 0;
          this.playerComboGraceTicks = 0;
          this.playerFlankAttackTicks = 0;
          return;
        }
    
        if (stepPressed && this.playerEvadeCooldown <= 0) {
          const stepVector = move.lengthSq() > 0.001
            ? move.clone().normalize()
            : toEnemy.clone().multiplyScalar(-1);
          this.playerStepDirection.copy(stepVector);
          this.playerStepForwardWeight = stepVector.dot(toEnemy);
          this.playerStepSideWeight = Math.abs(stepVector.dot(right));
          this.playerEvadeSign = sideAxis === 0 ? 0 : sideAxis > 0 ? 1 : -1;
          this.playerEvadeTicks = TPS_STEP_TICKS;
          this.playerEvadeCooldown = TPS_STEP_COOLDOWN_TICKS;
          // A side STEP by itself is only movement. Flank advantage is awarded later,
          // inside resolveAttack, when an in-range enemy strike is actually evaded.
          this.playerFlankWindowTicks = 0;
          this.playerPerfectEvadeTicks = 0;
          const incomingMove = this.p2.state === "ATTACK" ? this.p2.currentMove : null;
          const incomingDistance = Math.hypot(this.p2.position.x - this.p1.position.x, this.p2.position.z - this.p1.position.z);
          const incomingFrames = incomingMove ? incomingMove.startup + incomingMove.active - this.p2.moveTick : 0;
          const reactiveSideStep = Boolean(
            this.playerStepSideWeight > 0.45
            && incomingMove
            && incomingMove.hitLevel !== "THROW"
            && incomingFrames > 0
            && incomingDistance <= incomingMove.reach + 0.9
          );
          this.playerStepThreatTicks = reactiveSideStep ? Math.max(TPS_STEP_TICKS, incomingFrames + 2) : 0;
          if (reactiveSideStep) {
            // The opponent has already committed to an in-range strike. The lateral
            // STEP is therefore an earned read even if its burst movement exits the
            // eventual contact radius before the move reaches its active frames.
            this.playerFlankWindowTicks = TPS_STEP_TICKS + TPS_FLANK_WINDOW_TICKS;
            this.playerPerfectEvadeTicks = TPS_STEP_TICKS + TPS_PERFECT_EVADE_TICKS;
          }
        }
    
        if (this.playerEvadeTicks > 0) {
          if (attackPressed && this.playerStepForwardWeight > 0.45) {
            this.playerEvadeTicks = 0;
            this.playerFlankWindowTicks = 0;
            this.beginDashAttack(toEnemy);
            this.p1.updatePhysics(FIXED_STEP);
            return;
          }
          const baseStepMultiplier = this.p1.definition.archetype === "SPEED" ? 2.55 : 2.45;
          const directionalStepBonus = this.playerStepForwardWeight < -0.45
            ? 0.48
            : this.playerStepForwardWeight > 0.45
              ? -0.16
              : 0.08;
          const stepMultiplier = baseStepMultiplier + directionalStepBonus;
          this.playerEvadeTicks -= 1;
          this.p1.position.addScaledVector(this.playerStepDirection, FIXED_STEP * moveSpeed * stepMultiplier);
          this.p1.state = "SIDESTEP";
          this.p1.updatePhysics(FIXED_STEP);
          return;
        }
    
        if (move.lengthSq() > 0.001) {
          move.normalize();
          // Near-contact pure strafing can otherwise orbit the opponent fast enough
          // to outrun an over-shoulder camera. Taper only ordinary lateral locomotion;
          // forward/back movement and the authored STEP burst keep their full speed.
          const fightDistance = Math.hypot(
            this.p2.position.x - this.p1.position.x,
            this.p2.position.z - this.p1.position.z,
          );
          const closeOrbitFactor = THREE.MathUtils.clamp((2.6 - fightDistance) / 1.7, 0, 1);
          const lateralInputWeight = Math.abs(sideAxis) / Math.max(1, Math.abs(forwardAxis) + Math.abs(sideAxis));
          const closeOrbitScale = THREE.MathUtils.lerp(1, TPS_CLOSE_ORBIT_SPEED_SCALE, closeOrbitFactor);
          const locomotionSpeedScale = THREE.MathUtils.lerp(1, closeOrbitScale, lateralInputWeight);
          this.p1.position.addScaledVector(move, FIXED_STEP * moveSpeed * locomotionSpeedScale);
          this.p1.state = "WALK";
        } else {
          this.p1.state = "IDLE";
        }
    
        if (attackPressed) {
          const threat = this.enemyThreatStatus();
          if (threat.windup && !threat.incoming) {
            this.playerInterceptTicks = TPS_INTERCEPT_TICKS;
            this.setCombatBeat("INTERCEPT");
          }
          this.beginContextAttack();
        }
        this.p1.updatePhysics(FIXED_STEP);
      }
    
      private beginContextAttack(): boolean {
        if (!this.p1.canAct()) return false;
        const distance = Math.hypot(this.p2.position.x - this.p1.position.x, this.p2.position.z - this.p1.position.z);
        const stage = Math.min(2, this.playerComboStage);
        const closeMoves = ["jab", "straight", "power"] as const;
        const farMoves = ["kick", "lowKick", "risingKick"] as const;
        const reversalStrike = this.playerReversalTicks > 0 && this.playerStepSideWeight > 0.45;
        const moveId = reversalStrike ? "counter" : distance <= TPS_CLOSE_ATTACK_RANGE ? closeMoves[stage] : farMoves[stage];
        const flankStrike = this.playerFlankWindowTicks > 0 && this.playerStepSideWeight > 0.45;
        if (!this.p1.beginMove(moveId)) return false;
        this.playerComboStage = reversalStrike ? 1 : stage + 1;
        this.playerComboGraceTicks = TPS_COMBO_GRACE_TICKS;
        if (reversalStrike) {
          this.playerReversalTicks = 0;
          this.setCombatBeat("REVERSAL");
        }
        if (flankStrike) {
          this.playerFlankAttackTicks = 28;
          this.playerFlankWindowTicks = 0;
        }
        return true;
      }
    
      private beginDashAttack(toEnemy: THREE.Vector3): boolean {
        this.playerAttackQueued = false;
        this.playerComboStage = 0;
        this.playerComboGraceTicks = 0;
        this.playerFlankAttackTicks = 0;
        if (!this.p1.beginMove("dashKick")) return false;
        const burstSpeed = this.p1.definition.archetype === "SPEED" ? 7.4 : 6.8;
        this.p1.velocity.x = toEnemy.x * burstSpeed;
        this.p1.velocity.z = toEnemy.z * burstSpeed;
        return true;
      }
    
      private updateEnemy(): void {
        this.p2.setInput(EMPTY_INPUT);
        const liveDistance = Math.hypot(
          this.p1.position.x - this.p2.position.x,
          this.p1.position.z - this.p2.position.z,
        );
        const situation = (): CpuSituation => ({
          self: cpuActorSnapshot(this.p2),
          opponent: cpuActorSnapshot(this.p1),
          distance: Math.hypot(
            this.p1.position.x - this.p2.position.x,
            this.p1.position.z - this.p2.position.z,
          ),
        });
        this.enemyFunDirector.observe(situation());
        if (this.advanceLockedState(this.p2)) return;
    
        this.enemyCooldown = Math.max(0, this.enemyCooldown - 1);
        if (this.enemyOpeningGraceTicks > 0) this.enemyOpeningGraceTicks -= 1;
        this.enemyAdaptReviewTicks -= 1;
        if (this.enemyAdaptReviewTicks <= 0) {
          const samples = this.playerAttackSamples + this.playerStepSamples;
          if (samples >= 4) {
            const stepRatio = this.playerStepSamples / samples;
            const attackRatio = this.playerAttackSamples / samples;
            this.enemyAdaptation = stepRatio >= 0.58 ? "ANTI_STEP" : attackRatio >= 0.62 ? "ANTI_RUSH" : "NEUTRAL";
          }
          this.playerAttackSamples = Math.floor(this.playerAttackSamples * 0.45);
          this.playerStepSamples = Math.floor(this.playerStepSamples * 0.45);
          this.enemyAdaptReviewTicks = TPS_ADAPT_REVIEW_TICKS;
        }
        this.enemyTacticTicks -= 1;
        if (this.enemyTacticTicks <= 0) {
          const slot = Math.floor(this.simulationTicks / ENEMY_TACTIC_INTERVAL);
          const healthPressure = this.p2.health < this.p1.health ? 1 : 0;
          const personaBias = this.enemyPersona === "SKIRMISHER" ? 1 : 0;
          const tacticIndex = (slot + healthPressure + personaBias + (this.difficulty === "HARD" ? 1 : 0)) % 3;
          this.enemyTactic = this.enemyAdaptation === "ANTI_STEP"
            ? "BAIT"
            : this.enemyAdaptation === "ANTI_RUSH"
              ? "ORBIT"
              : tacticIndex === 0 ? "PRESSURE" : tacticIndex === 1 ? "ORBIT" : "BAIT";
          this.enemyOrbitSign = (slot + (this.difficulty === "EASY" ? 1 : 0)) % 2 === 0 ? 1 : -1;
          this.enemyTacticTicks = this.difficulty === "HARD" ? 56 : this.difficulty === "EASY" ? 90 : ENEMY_TACTIC_INTERVAL;
        }
    
        const towardPlayer = horizontalDirection(this.p2.position, this.p1.position);
        const tangent = new THREE.Vector3(-towardPlayer.z, 0, towardPlayer.x);
        const rootData = this.p2.visual.root.userData;
    
        const publishDecision = (decision: CpuDecision, moveId: string | null = null): void => {
          rootData.tpsCpuDirectorPolicy = "FUN_DIRECTOR_V1";
          rootData.tpsCpuDirectorIntent = decision.intent;
          rootData.tpsCpuDirectorReason = decision.reason;
          rootData.tpsCpuDirectorComebackMercy = decision.comebackMercy;
          rootData.tpsCpuDirectorPressure = decision.pressure;
          rootData.tpsCpuDirectorTelegraphTicks = this.enemyDirectorTelegraphTicks;
          rootData.tpsCpuDirectorMove = moveId;
          rootData.tpsCpuPersona = this.enemyPersona;
          rootData.tpsCpuAdaptation = this.enemyAdaptation;
        };
    
        const moveEnemy = (intent: CpuIntent): void => {
          if (intent === "GUARD") {
            this.p2.state = "GUARD";
            return;
          }
          if (intent === "WAIT") {
            this.p2.state = "IDLE";
            return;
          }
          const movement = new THREE.Vector3();
          if (intent === "APPROACH") movement.copy(towardPlayer);
          else if (intent === "RETREAT") movement.copy(towardPlayer).multiplyScalar(-1);
          else if (intent === "SIDESTEP" || intent === "JUMP") movement.copy(tangent).multiplyScalar(this.enemyOrbitSign);
          if (movement.lengthSq() <= 1e-6) {
            this.p2.state = "IDLE";
            return;
          }
          const baseSpeed = this.p2.definition.archetype === "SPEED" ? 3.45 : 2.95;
          const difficultySpeed = this.difficulty === "HARD" ? 1.08 : this.difficulty === "EASY" ? 0.9 : 1;
          this.p2.position.addScaledVector(movement.normalize(), FIXED_STEP * baseSpeed * difficultySpeed);
          this.p2.state = "WALK";
        };
    
        const beginDirectorMove = (moveId: string, intent: CpuIntent): boolean => {
          const began = this.p2.beginMove(moveId);
          if (!began) return false;
          rootData.tpsCpuDirectorMove = moveId;
          rootData.tpsCpuDirectorIntent = intent;
          rootData.tpsCpuDirectorTelegraphTicks = 0;
          if (moveId === "dashKick") {
            const burstSpeed = this.p2.definition.archetype === "SPEED" ? 5.0 : 4.45;
            this.p2.velocity.x = towardPlayer.x * burstSpeed;
            this.p2.velocity.z = towardPlayer.z * burstSpeed;
          }
          // Mirror the shared director's two neutral post-attack input frames. The
          // hold begins only after ATTACK unlocks, so it creates a real punish/read beat.
          this.enemyDirectorHoldTicks = 2;
          this.enemyCooldown = Math.max(this.enemyCooldown, 2);
          return true;
        };
    
        if (this.enemyDirectorPendingMove) {
          if (this.enemyDirectorTelegraphTicks > 0) {
            this.enemyDirectorTelegraphTicks -= 1;
            rootData.tpsCpuDirectorTelegraphTicks = this.enemyDirectorTelegraphTicks;
            const intent = this.enemyDirectorDecision?.intent ?? "WAIT";
            this.p2.state = ["POWER", "THROW", "COUNTER"].includes(intent) ? "GUARD" : "IDLE";
            this.p2.updatePhysics(FIXED_STEP);
            return;
          }
          const moveId = this.enemyDirectorPendingMove;
          const intent = this.enemyDirectorDecision?.intent ?? "JAB";
          this.enemyDirectorPendingMove = null;
          if (beginDirectorMove(moveId, intent)) {
            this.p2.updatePhysics(FIXED_STEP);
            return;
          }
        }
    
        // Keep the title-card/read window non-hostile. It still moves so the enemy
        // feels alive, but no decision is remembered as an attack before play begins.
        if (this.enemyOpeningGraceTicks > 0) {
          const openingIntent: CpuIntent = liveDistance > 2.35 ? "APPROACH" : "SIDESTEP";
          const openingDecision: CpuDecision = {
            intent: openingIntent,
            holdTicks: 1,
            telegraphTicks: 0,
            reason: "opening-read-window",
            comebackMercy: 0,
            pressure: 0,
          };
          publishDecision(openingDecision);
          moveEnemy(openingIntent);
          this.p2.updatePhysics(FIXED_STEP);
          return;
        }
    
        if (this.enemyDirectorDecision && this.enemyDirectorHoldTicks > 0) {
          const heldIntent = isAttackIntent(this.enemyDirectorDecision.intent) ? "WAIT" : this.enemyDirectorDecision.intent;
          this.enemyDirectorHoldTicks -= 1;
          publishDecision(this.enemyDirectorDecision, isAttackIntent(this.enemyDirectorDecision.intent) ? rootData.tpsCpuDirectorMove ?? null : null);
          moveEnemy(heldIntent);
          this.p2.updatePhysics(FIXED_STEP);
          if (this.enemyDirectorHoldTicks <= 0) this.enemyDirectorDecision = null;
          return;
        }
    
        let decision = this.enemyFunDirector.decide(situation());
        // TPS is a grounded lock-on mode. Translate the shared neutral hop into an
        // orbital beat rather than introducing camera-hostile bunny hopping.
        if (decision.intent === "JUMP") decision = { ...decision, intent: "SIDESTEP", reason: `${decision.reason}-as-orbit` };
        if (this.enemyPersona === "BRAWLER" && decision.intent === "RETREAT" && liveDistance > 1.65) {
          decision = { ...decision, intent: "APPROACH", reason: `${decision.reason}-brawler-pressure` };
        } else if (this.enemyPersona === "SKIRMISHER" && decision.intent === "APPROACH" && liveDistance < 1.85) {
          decision = { ...decision, intent: "SIDESTEP", reason: `${decision.reason}-skirmisher-angle` };
        }
        if (this.enemyAdaptation === "ANTI_STEP" && isAttackIntent(decision.intent) && this.simulationTicks % 3 === 0) {
          decision = { ...decision, intent: "COUNTER", telegraphTicks: Math.max(4, decision.telegraphTicks), reason: "adapt-anti-step-counter" };
        } else if (this.enemyAdaptation === "ANTI_RUSH" && decision.intent === "WAIT" && liveDistance < 2.0) {
          decision = { ...decision, intent: "RETREAT", reason: "adapt-anti-rush-reset" };
        }
        this.enemyDirectorDecision = decision;
        publishDecision(decision);
    
        if (isAttackIntent(decision.intent)) {
          const moveId = TPS_CPU_ATTACK_MOVES[decision.intent] ?? null;
          if (moveId) {
            rootData.tpsCpuDirectorMove = moveId;
            if (decision.telegraphTicks > 0) {
              this.enemyDirectorPendingMove = moveId;
              this.enemyDirectorTelegraphTicks = decision.telegraphTicks;
              rootData.tpsCpuDirectorTelegraphTicks = decision.telegraphTicks;
              this.p2.state = ["POWER", "THROW", "COUNTER"].includes(decision.intent) ? "GUARD" : "IDLE";
            } else {
              beginDirectorMove(moveId, decision.intent);
            }
            this.p2.updatePhysics(FIXED_STEP);
            return;
          }
        }
    
        this.enemyDirectorHoldTicks = Math.max(1, decision.holdTicks - 1);
        moveEnemy(decision.intent);
        this.p2.updatePhysics(FIXED_STEP);
      }
    
      private advanceLockedState(fighter: FighterRuntime): boolean {
        if (fighter.hitStop > 0) {
          fighter.updatePhysics(FIXED_STEP);
          return true;
        }
        if (fighter.state === "ATTACK") {
          fighter.advanceAttack();
          fighter.updatePhysics(FIXED_STEP);
          return true;
        }
        if (["HIT", "BLOCK_STUN", "KNOCKDOWN", "WAKEUP", "THROW", "KO", "RING_OUT"].includes(fighter.state)) {
          fighter.updatePhysics(FIXED_STEP);
          return true;
        }
        return false;
      }
    
      private resolveAttack(attacker: FighterRuntime, defender: FighterRuntime, defenderGuarding: boolean): void {
        const move = attacker.currentMove;
        if (attacker.state !== "ATTACK" || !move || !attacker.isActive() || attacker.hitTargets.has(defender.id)) return;
        const trackedSideEvade = defender === this.p1
          && attacker === this.p2
          && this.playerStepThreatTicks > 0
          && this.playerStepSideWeight > 0.45
          && move.hitLevel !== "THROW";
        if (trackedSideEvade) {
          attacker.hitTargets.add(defender.id);
          this.playerStepThreatTicks = 0;
          this.playerFlankWindowTicks = Math.max(this.playerFlankWindowTicks, TPS_FLANK_WINDOW_TICKS);
          this.playerPerfectEvadeTicks = Math.max(this.playerPerfectEvadeTicks, TPS_PERFECT_EVADE_TICKS);
          this.playerReversalTicks = Math.max(this.playerReversalTicks, TPS_REVERSAL_TICKS);
          this.setCombatBeat("REVERSAL");
          return;
        }
        const distance = Math.hypot(defender.position.x - attacker.position.x, defender.position.z - attacker.position.z);
        if (distance > move.reach + 0.72) return;
    
        attacker.hitTargets.add(defender.id);
        const defenderWasAttacking = defender.state === "ATTACK";
        const interceptStrike = attacker === this.p1 && defender === this.p2 && this.playerInterceptTicks > 0;
        const reversalStrike = attacker === this.p1 && this.playerFlankAttackTicks > 0 && move.hitLevel !== "THROW";
        const blocked = defenderGuarding && move.hitLevel !== "THROW" && !reversalStrike && !interceptStrike;
        const direction = horizontalDirection(attacker.position, defender.position);
        const impactPosition = attacker.position.clone().lerp(defender.position, 0.55);
        impactPosition.y = TPS_IMPACT_HEIGHTS[move.id] ?? (move.hitLevel === "LOW" ? 0.55 : 1.35);
        const damageScale = interceptStrike ? 1.22 : reversalStrike ? 1.18 : defenderWasAttacking ? 1.12 : 1;
        const resolvedDamage = blocked ? 0 : Math.max(1, Math.round(move.damage * damageScale));
        const lethalImpact = !blocked && defender.health <= resolvedDamage;
        const reactionStrength = blocked ? 0.72 : 1 + Math.max(0, move.power - 1) * 0.22 + (interceptStrike ? 0.24 : reversalStrike ? 0.18 : defenderWasAttacking ? 0.12 : 0);
    
        if (blocked) {
          defender.receiveBlock(move.guardDamage, move.blockStun, move.hitStop);
          defender.velocity.x = direction.x * move.knockback * 5;
          defender.velocity.z = direction.z * move.knockback * 5;
        } else {
          defender.receiveDamage(resolvedDamage, move.hitStun, move.knockback, direction.x >= 0 ? 1 : -1, Boolean(move.knockdown), move.hitStop);
          const knockback = move.knockback * 18 * reactionStrength;
          defender.velocity.x = direction.x * knockback;
          defender.velocity.z = direction.z * knockback;
        }
    
        if (interceptStrike) {
          this.playerInterceptTicks = 0;
          this.enemyDirectorPendingMove = null;
          this.enemyDirectorTelegraphTicks = 0;
          this.enemyDirectorDecision = null;
          this.enemyDirectorHoldTicks = Math.max(this.enemyDirectorHoldTicks, 12);
          this.setCombatBeat("INTERCEPT");
        } else if (reversalStrike) {
          this.setCombatBeat("REVERSAL");
        } else if (defenderWasAttacking && !blocked) {
          this.setCombatBeat("COUNTER HIT");
        }
    
        const reactionType = lethalImpact ? "FINISHER" : interceptStrike ? "INTERCEPT" : reversalStrike ? "REVERSAL" : defenderWasAttacking ? "COUNTER" : blocked ? "BLOCK" : move.power >= 1.45 ? "HEAVY" : "NORMAL";
        defender.visual.root.userData.tpsReactionType = reactionType;
        defender.visual.root.userData.tpsReactionStrength = reactionStrength;
        defender.visual.root.userData.tpsReactionDirectionX = direction.x;
        defender.visual.root.userData.tpsReactionDirectionZ = direction.z;
        defender.visual.root.userData.tpsReactionTick = this.simulationTicks;
        if (lethalImpact) {
          defender.hitStop = Math.max(defender.hitStop, move.hitStop + 5);
          attacker.hitStop = Math.max(attacker.hitStop, move.hitStop + 3);
          this.cameraImpact = Math.max(this.cameraImpact, 0.078);
          this.setCombatBeat("FINAL IMPACT", TPS_FINISHER_BEAT_TICKS);
        }
    
        const event: HitEvent = {
          attacker: attacker.id,
          defender: defender.id,
          move,
          blocked,
          counter: defenderWasAttacking || interceptStrike,
          throwEscape: false,
          damage: resolvedDamage,
          position: { x: impactPosition.x, y: impactPosition.y, z: impactPosition.z },
        };
        this.effects.hit(event);
        this.graphics.hit(event, this.camera);
        this.audio.impact(event);
        if (!blocked && this.settings.get().vibration && attacker.id === "p1") navigator.vibrate?.(lethalImpact ? 34 : move.power > 1.45 ? 22 : 9);
      }
    
      private applyAttackStepIn(attacker: FighterRuntime, defender: FighterRuntime): void {
        const move = attacker.currentMove;
        if (attacker.state !== "ATTACK" || !move || attacker.moveTick > move.startup) return;
        const distance = Math.hypot(defender.position.x - attacker.position.x, defender.position.z - attacker.position.z);
        const desiredContact = Math.max(1.02, move.reach + 0.52);
        if (distance <= desiredContact || distance > desiredContact + 0.72) return;
        const remaining = distance - desiredContact;
        const stepDistance = Math.min(remaining, 0.038 + move.power * 0.014);
        attacker.position.addScaledVector(horizontalDirection(attacker.position, defender.position), stepDistance);
      }
    
      private separateFighters(): void {
        const delta = new THREE.Vector3(this.p2.position.x - this.p1.position.x, 0, this.p2.position.z - this.p1.position.z);
        const distance = delta.length();
        const p1Throwing = this.p1.currentMove?.hitLevel === "THROW" && ["ATTACK", "THROW"].includes(this.p1.state);
        const p2Throwing = this.p2.currentMove?.hitLevel === "THROW" && ["ATTACK", "THROW"].includes(this.p2.state);
        // Preserve throw contact. For resolved normal strikes, open a slightly wider
        // contact lane only while hit-stop freezes the pair. Hit detection has already
        // completed before this runs, so gameplay reach stays unchanged; the following
        // visual pass can solve the striking limb back onto the opponent from a clearer
        // full-body silhouette.
        const impactFrozen = Math.max(this.p1.hitStop, this.p2.hitStop) > 0;
        const p1Impacting = this.p1.state === "ATTACK"
          && ["HIT", "BLOCK_STUN", "KNOCKDOWN", "THROW", "KO", "RING_OUT"].includes(this.p2.state);
        const p2Impacting = this.p2.state === "ATTACK"
          && ["HIT", "BLOCK_STUN", "KNOCKDOWN", "THROW", "KO", "RING_OUT"].includes(this.p1.state);
        const impactPair = impactFrozen && (p1Impacting || p2Impacting);
        const throwContact = p1Throwing || p2Throwing;
        const impactMove = p1Impacting ? this.p1.currentMove : p2Impacting ? this.p2.currentMove : null;
        const impactMoveId = impactMove?.id ?? null;
        const impactMinimum = impactMoveId && ["kick", "lowKick", "risingKick", "dashKick"].includes(impactMoveId)
          ? TPS_IMPACT_CONTACT_MINIMUM_KICK
          : impactMoveId && ["power", "backfist", "counter"].includes(impactMoveId)
            ? TPS_IMPACT_CONTACT_MINIMUM_HEAVY
            : TPS_IMPACT_CONTACT_MINIMUM;
        const minimum = throwContact ? 0.98 : impactPair ? impactMinimum : 1.12;
        const spacingMode = throwContact ? "THROW" : impactPair ? "IMPACT_PAIR" : "NEUTRAL";
        this.p1.visual.root.userData.tpsContactSpacingMode = spacingMode;
        this.p2.visual.root.userData.tpsContactSpacingMode = spacingMode;
        this.p1.visual.root.userData.tpsContactSpacingMinimum = minimum;
        this.p2.visual.root.userData.tpsContactSpacingMinimum = minimum;
        this.p1.visual.root.userData.tpsContactSpacingMove = impactMoveId;
        this.p2.visual.root.userData.tpsContactSpacingMove = impactMoveId;
        if (distance >= minimum || distance < 1e-5) return;
        const correction = delta.normalize().multiplyScalar((minimum - distance) * 0.5);
        this.p1.position.addScaledVector(correction, -1);
        this.p2.position.add(correction);
      }
    
      private updateVisual(fighter: FighterRuntime, opponent: FighterRuntime, time: number): void {
        fighter.facing = opponent.position.x >= fighter.position.x ? 1 : -1;
        const forward = horizontalDirection(fighter.position, opponent.position);
        fighter.visual.root.userData.combatTps = true;
        fighter.visual.root.userData.combatMotionForward = forward.toArray();
        if (fighter.state === "SIDESTEP") {
          const direction = fighter === this.p1 ? this.playerStepDirection : fighter.velocity;
          const side = direction.x * forward.z - direction.z * forward.x;
          const along = direction.dot(forward);
          fighter.visual.root.userData.combatStepDirection = Math.abs(side) > Math.abs(along) ? side < 0 ? "L" : "R" : along < 0 ? "B" : "F";
        }
        this.animation.update(fighter, opponent, time);
        // The shared 1v1 attack aura is intentionally large and reads well from
        // the side camera, but in shoulder-view TPS it becomes a full-screen
        // translucent slab at contact. Keep particles/flash impacts and suppress
        // only that presentation aura in this mode.
        fighter.visual.aura.visible = false;
        fighter.visual.root.quaternion.setFromUnitVectors(MODEL_FORWARD, forward);
        fighter.visual.root.updateMatrixWorld(true);
      }
    
      private updateCamera(delta: number): void {
        this.cameraFrameStart.copy(this.camera.position);
        const forward = horizontalDirection(this.p1.position, this.p2.position);
        const right = new THREE.Vector3(-forward.z, 0, forward.x);
        const fightDistance = Math.hypot(this.p2.position.x - this.p1.position.x, this.p2.position.z - this.p1.position.z);
        const closeFactor = THREE.MathUtils.clamp((2.6 - fightDistance) / 1.7, 0, 1);
        const compactLandscapeFactor = THREE.MathUtils.clamp((2.45 - this.camera.aspect) / 0.45, 0, 1);
        const flankCameraFactor = THREE.MathUtils.clamp(
          Math.max(this.playerPerfectEvadeTicks, this.playerFlankWindowTicks, this.playerFlankAttackTicks) / TPS_FLANK_WINDOW_TICKS,
          0,
          1,
        );
        const flankLaneShift = this.playerEvadeSign * flankCameraFactor * 0.56;
        // Rotate the close camera toward a stronger 3/4 side lane while preserving
        // roughly the same orbit radius. This reveals the locked target beside the
        // foreground fighter instead of zooming toward the pair or hiding them inline.
        // Compact iPhone landscape still receives a small additional shoulder offset.
        const impactReadabilityFactor = THREE.MathUtils.clamp(Math.max(this.p1.hitStop, this.p2.hitStop) / 9, 0, 1);
        const backDistance = 4.70
          + closeFactor * TPS_CAMERA_CLOSE_BACK_DELTA
          + compactLandscapeFactor * 0.18
          + impactReadabilityFactor * TPS_CAMERA_IMPACT_BACK_DELTA;
        const shoulderOffset = 2.50
          + closeFactor * TPS_CAMERA_CLOSE_SHOULDER_BONUS
          + compactLandscapeFactor * (0.52 + closeFactor * 0.48)
          + impactReadabilityFactor * TPS_CAMERA_IMPACT_SHOULDER;
        const cameraHeight = 2.36 + closeFactor * 0.24 + compactLandscapeFactor * 0.06 + impactReadabilityFactor * 0.035;
        const targetHeight = 1.22 + closeFactor * TPS_CAMERA_CLOSE_TARGET_LIFT;
        // At melee range, orbit around the pair instead of keeping the camera rooted
        // directly behind the foreground player. This reduces foreground occlusion
        // without changing simulation positions, hitboxes, reach, or authored clips.
        this.cameraPairMidpoint.copy(this.p1.position).lerp(this.p2.position, 0.5);
        const closeAnchorBlend = closeFactor * TPS_CAMERA_CLOSE_ANCHOR_BLEND;
        const closeTargetBlend = closeFactor * TPS_CAMERA_CLOSE_TARGET_MIDPOINT_BLEND;
        this.cameraAnchor.copy(this.p1.position).lerp(this.cameraPairMidpoint, closeAnchorBlend);
        this.cameraFocus.copy(this.p2.position).lerp(this.cameraPairMidpoint, closeTargetBlend);
        this.cameraTarget.copy(this.cameraFocus)
          .addScaledVector(right, TPS_CAMERA_CLOSE_TARGET_SIDE_SHIFT * closeFactor - flankLaneShift + impactReadabilityFactor * 0.080)
          .add(new THREE.Vector3(0, targetHeight, 0));
        this.camera.userData.tpsCloseReadabilityFactor = closeFactor;
        this.camera.userData.tpsCloseAnchorBlend = closeAnchorBlend;
        this.camera.userData.tpsCloseTargetBlend = closeTargetBlend;
        this.camera.userData.tpsImpactReadabilityFactor = impactReadabilityFactor;
        this.camera.userData.tpsShoulderOffset = shoulderOffset;
        this.camera.userData.tpsBackDistance = backDistance;
        this.camera.userData.tpsTargetHeight = targetHeight;
        this.cameraDesired.copy(this.cameraAnchor)
          .addScaledVector(forward, -backDistance)
          .addScaledVector(right, shoulderOffset + flankLaneShift * 0.36)
          .add(new THREE.Vector3(0, cameraHeight, 0));
        // Keep distant navigation responsive, but add inertia as the fight closes.
        // This prevents a one-frame shoulder-camera surge when approach becomes orbit.
        const cameraPositionRate = THREE.MathUtils.lerp(10.2, 8.0, closeFactor);
        ease(this.camera.position, this.cameraDesired, cameraPositionRate, delta);
        if (this.cameraImpact > 0.001) {
          const impact = this.cameraImpact;
          this.cameraImpact *= Math.exp(-10 * delta);
          this.camera.position.addScaledVector(right, Math.sin(this.renderTime * 76) * impact);
          this.camera.position.y += Math.cos(this.renderTime * 91) * impact * 0.36;
        }
        // Cap the complete frame displacement after both follow motion and impact shake.
        // Close orbit can rotate a wide shoulder rig quickly; the cap preserves the
        // composition and hit feel while preventing a single-frame camera surge.
        const maxCameraTravel = TPS_CAMERA_MAX_TRAVEL_SPEED * delta;
        this.cameraFrameDelta.copy(this.camera.position).sub(this.cameraFrameStart);
        if (maxCameraTravel > 0 && this.cameraFrameDelta.lengthSq() > maxCameraTravel * maxCameraTravel) {
          this.camera.position.copy(this.cameraFrameStart).add(this.cameraFrameDelta.setLength(maxCameraTravel));
        }
        // Smooth the look target as well as camera position. Close-range lock-on can
        // rotate the target basis quickly during sidesteps, blocks, and hit-stop;
        // smoothing both halves of the rig prevents a visible aim snap while keeping
        // the opponent centered.
        ease(this.cameraLookTarget, this.cameraTarget, 12.0, delta);
        this.camera.lookAt(this.cameraLookTarget);
      }
    
      private setCombatBeat(label: string, ticks = TPS_COMBAT_BEAT_TICKS): void {
        if (ticks >= this.combatBeatTicks || label === "FINAL IMPACT") {
          this.combatBeatLabel = label;
          this.combatBeatTicks = ticks;
        }
      }
    
      private enemyThreatStatus(): { windup: boolean; incoming: boolean } {
        const windup = this.enemyDirectorPendingMove !== null && this.enemyDirectorTelegraphTicks > 0;
        const move = this.p2.currentMove;
        if (this.p2.state !== "ATTACK" || !move) return { windup, incoming: false };
        const distance = Math.hypot(
          this.p2.position.x - this.p1.position.x,
          this.p2.position.z - this.p1.position.z,
        );
        const canStillHit = this.p2.moveTick < move.startup + Math.max(1, move.active);
        const inThreatReach = distance <= move.reach + 0.9;
        return { windup, incoming: canStillHit && inThreatReach };
      }
    
      private updateLockOn(): void {
        this.p2.visual.root.updateMatrixWorld(true);
        const distance = Math.hypot(this.p2.position.x - this.p1.position.x, this.p2.position.z - this.p1.position.z);
        const { windup, incoming: threat } = this.enemyThreatStatus();
        const inStrikeRange = distance < TPS_STRIKE_RANGE;
        // Keep the lock cue above the torso at melee range so authored arms, chest
        // rotation, and hit reactions remain visible instead of sitting under a ring.
        const lockLift = inStrikeRange ? 0.62 : 0.46;
        const target = this.p2.visual.root.localToWorld(new THREE.Vector3(0, this.p2.visual.layout.ribY + lockLift, 0));
        const perfectEvade = this.playerPerfectEvadeTicks > 0;
        const lockColor = perfectEvade ? 0x6dffb8 : threat ? 0xff506f : windup ? 0xffc45a : inStrikeRange ? 0xffd45c : 0x7ce8ff;
        this.lockRing.material.color.setHex(lockColor);
        this.lockStem.material.color.setHex(lockColor);
        this.targetGroundRing.material.color.setHex(lockColor);
        this.lockRing.position.copy(target);
        this.lockRing.lookAt(this.camera.position);
        const pulseRate = threat ? 14.0 : windup ? 8.5 : 5.5;
        const pulse = (threat ? 1.02 : windup ? 0.96 : inStrikeRange ? 0.88 : 0.86) + Math.sin(this.renderTime * pulseRate) * (threat ? 0.075 : windup ? 0.06 : 0.045);
        this.lockRing.scale.setScalar(pulse);
        this.lockStem.position.copy(target).add(new THREE.Vector3(0, -0.30, 0));
        this.lockStem.lookAt(this.camera.position);
        this.targetGroundRing.position.set(this.p2.position.x, 0.035, this.p2.position.z);
        const groundPulse = (threat ? 1.08 : windup ? 1.02 : 0.95) + Math.sin(this.renderTime * pulseRate) * (threat ? 0.10 : 0.06);
        this.targetGroundRing.scale.setScalar(groundPulse);
        this.targetGroundRing.material.opacity = threat ? 0.68 : windup ? 0.46 : inStrikeRange ? 0.34 : 0.22;
      }
    
      private checkFinish(): void {
        if (this.finished || this.finishPending) return;
        if (this.p1.health > 0 && this.p2.health > 0 && this.timerTicks > 0) return;
        this.finishPending = true;
        this.finishTicks = 0;
        this.finishSettledTicks = 0;
        this.input.clear();
        const winner = this.p1.health === this.p2.health ? "draw" : this.p1.health > this.p2.health ? "p1" : "p2";
        this.resultWinner = winner;
        this.publishHud(true);
        this.audio.ko();
      }
    
      private resetRound(): void {
        this.p1.resetForRound(0, 3.2, 1);
        this.p2.resetForRound(0, -2.2, -1);
        this.enemyCooldown = 52;
        this.enemyOpeningGraceTicks = 132;
        this.enemyTactic = "ORBIT";
        this.enemyTacticTicks = 0;
        this.enemyOrbitSign = 1;
        this.enemyFunDirector = new CpuFunDirector(this.difficulty, 47);
        this.enemyDirectorDecision = null;
        this.enemyDirectorHoldTicks = 0;
        this.enemyDirectorTelegraphTicks = 0;
        this.enemyDirectorPendingMove = null;
        this.playerEvadeTicks = 0;
        this.playerEvadeCooldown = 0;
        this.playerEvadeSign = 0;
        this.playerStepDirection.set(0, 0, 0);
        this.playerStepForwardWeight = 0;
        this.playerStepSideWeight = 0;
        this.playerComboStage = 0;
        this.playerComboGraceTicks = 0;
        this.playerAttackQueued = false;
        this.playerFlankWindowTicks = 0;
        this.playerFlankAttackTicks = 0;
        this.playerPerfectEvadeTicks = 0;
        this.playerStepThreatTicks = 0;
        this.playerInterceptTicks = 0;
        this.playerReversalTicks = 0;
        this.combatBeatLabel = null;
        this.combatBeatTicks = 0;
        this.playerAttackSamples = 0;
        this.playerStepSamples = 0;
        this.enemyAdaptReviewTicks = TPS_ADAPT_REVIEW_TICKS;
        this.enemyPersona = this.p2.definition.archetype === "SPEED" ? "SKIRMISHER" : "BRAWLER";
        this.enemyAdaptation = "NEUTRAL";
        this.simulationTicks = 0;
        this.cameraImpact = 0;
        this.timerTicks = ROUND_TICKS;
        this.finishPending = false;
        this.finishTicks = 0;
        this.finishSettledTicks = 0;
        this.resultWinner = null;
        this.graphics.reset();
        this.updateVisual(this.p1, this.p2, 0);
        this.updateVisual(this.p2, this.p1, 0.23);
        const forward = horizontalDirection(this.p1.position, this.p2.position);
        const right = new THREE.Vector3(-forward.z, 0, forward.x);
        this.camera.position.copy(this.p1.position)
          .addScaledVector(forward, -4.92)
          .addScaledVector(right, 2.50)
          .add(new THREE.Vector3(0, 2.32, 0));
        this.updateCamera(1);
        this.updateLockOn();
      }
    
      private publishHud(force: boolean): void {
        if (!force && this.timerTicks % 4 !== 0) return;
        if (!force && this.lastHudTick === this.timerTicks) return;
        this.lastHudTick = this.timerTicks;
        const enemyThreat = this.enemyThreatStatus();
        const snapshot: HudSnapshot = {
          phase: "MATCH",
          round: 1,
          timer: Math.ceil(this.timerTicks / 60),
          p1Health: this.p1.health,
          p2Health: this.p2.health,
          p1Wins: this.finished && this.resultWinner === "p1" ? 1 : 0,
          p2Wins: this.finished && this.resultWinner === "p2" ? 1 : 0,
          p1Name: this.p1.definition.name,
          p2Name: this.p2.definition.name,
          message: this.finished
            ? "BATTLE COMPLETE"
            : this.combatBeatTicks > 0 && this.combatBeatLabel
              ? this.combatBeatLabel
              : this.finishPending
                ? "KO"
              : this.p1.state === "ATTACK" && this.p1.currentMove?.id === "dashKick"
              ? "DASH ATTACK"
              : this.playerPerfectEvadeTicks > 0
                ? "PERFECT STEP"
              : this.playerEvadeTicks > 0 && this.playerStepSideWeight > 0.45
                ? "SIDE STEP"
                : this.playerFlankWindowTicks > 0 && this.playerStepSideWeight > 0.45
                  ? "FLANK OPEN"
                  : this.p1.state === "ATTACK" && this.playerComboStage > 1
                    ? `COMBO ${this.playerComboStage}`
                    : this.enemyOpeningGraceTicks > 0
                      ? "READ THE TARGET"
                      : enemyThreat.windup
                        ? "WINDUP"
                        : enemyThreat.incoming
                          ? "INCOMING"
                          : Math.hypot(this.p2.position.x - this.p1.position.x, this.p2.position.z - this.p1.position.z) < TPS_STRIKE_RANGE
                          ? "STRIKE RANGE"
                          : "TARGET LOCKED",
          p1State: this.p1.state,
          p2State: this.p2.state,
        };
        this.options.onHud?.(snapshot);
      }
    
      destroy(): void {
        this.running = false;
        this.runtimeFailureReported = true;
        window.cancelAnimationFrame(this.raf);
        window.removeEventListener("resize", this.resize);
        window.removeEventListener("orientationchange", this.resize);
        document.removeEventListener("visibilitychange", this.visibilityHandler);
        this.input.destroy();
        this.audio.destroy();
        this.graphics.dispose();
        this.effects.dispose();
        disposeFighterVisual(this.p1.visual);
        disposeFighterVisual(this.p2.visual);
        this.arenaDisposables.forEach((value) => value.dispose());
        this.renderer.dispose();
        this.mount.replaceChildren();
      }
    }
    
    import * as THREE from "three";
    import { TpsFightGame as CoreTpsFightGame } from "./tps-game-base";
    import type { FighterRuntime } from "./fighter";
    import { finalizeQuaterniusModelPose } from "./visual-quaternius-runtime";
    import {
      chooseTpsComboContinuationRoute,
      chooseTpsComboRoute,
      tpsComboLinkWindow,
      tpsComboMoveForRoute,
      type TpsComboRoute,
    } from "./motion-profile";
    import { trackMotionFighter } from "./motion-reaction";
    import type { HitEvent, InputFrame } from "./types";
    import {
      TPS_HYPE_PROFILE,
      TpsHypeDirector,
      tpsHypeHitStopForTier,
      tpsHypeImpactTier,
      tpsHypeKnockbackScaleForTier,
    } from "./tps-hype";
    
    export type { TpsFightGameOptions } from "./tps-game-base";
    
    export const TPS_STEP_DISTANCE_SCALE = 2;
    const FIXED_STEP = 1 / 60;
    const ENEMY_TRACK_RATE = 0.16;
    const ENEMY_SIDE_STEP_TRACK_RATE = 0.06;
    const ENEMY_SPACING_DEAD_ZONE = 0.30;
    const ENEMY_ORBIT_ACTIVE_TICKS = 28;
    const ENEMY_TACTIC_INTERVAL = 72;
    const ENEMY_ATTACK_ALIGNMENT = 0.82;
    const PERFECT_COUNTER_TARGET_DISTANCE = 1.08;
    const PERFECT_COUNTER_MAX_LUNGE = 0.78;
    const MODEL_FORWARD = new THREE.Vector3(0, 0, 1);
    
    type ExtendedTpsRuntime = CoreTpsFightGame & {
      playerEvadeTicks: number;
      playerStepDirection: THREE.Vector3;
      playerStepForwardWeight: number;
      playerStepSideWeight: number;
      playerComboStage: number;
      playerComboGraceTicks: number;
      playerAttackQueued: boolean;
      playerFlankWindowTicks: number;
      playerFlankAttackTicks: number;
      playerPerfectEvadeTicks: number;
      enemyCooldown: number;
      enemyTactic: "PRESSURE" | "ORBIT" | "BAIT";
      enemyOrbitSign: number;
      simulationTicks: number;
      difficulty: "EASY" | "NORMAL" | "HARD";
      __enemyVisualForward?: THREE.Vector3;
      __hypeDirector?: TpsHypeDirector;
      __comboRoute?: TpsComboRoute;
      __comboRouteSeed?: number;
      __comboLinkSerial?: number;
      __comboQueuedBranch?: "FORWARD" | "BACK" | "SIDE" | "NEUTRAL";
    };
    
    function horizontalDirection(from: THREE.Vector3, to: THREE.Vector3): THREE.Vector3 {
      const result = new THREE.Vector3(to.x - from.x, 0, to.z - from.z);
      return result.lengthSq() > 1e-8 ? result.normalize() : new THREE.Vector3(1, 0, 0);
    }
    
    function extended(game: TpsFightGame): ExtendedTpsRuntime {
      return game as unknown as ExtendedTpsRuntime;
    }
    
    function hype(game: ExtendedTpsRuntime): TpsHypeDirector {
      game.__hypeDirector ??= new TpsHypeDirector(game.scene);
      return game.__hypeDirector;
    }
    
    function enemyVisualForward(game: ExtendedTpsRuntime): THREE.Vector3 {
      if (!game.__enemyVisualForward) {
        game.__enemyVisualForward = horizontalDirection(game.p2.position, game.p1.position);
      }
      return game.__enemyVisualForward;
    }
    
    const corePrototype = CoreTpsFightGame.prototype as unknown as {
      updatePlayer(input: InputFrame): void;
      updateEnemy(): void;
      updateVisual(fighter: FighterRuntime, opponent: FighterRuntime, time: number): void;
      updateCamera(delta: number): void;
      resolveAttack(attacker: FighterRuntime, defender: FighterRuntime, defenderGuarding: boolean): void;
      resetRound(): void;
      beginContextAttack(): boolean;
      destroy(): void;
    };
    const coreUpdatePlayer = corePrototype.updatePlayer;
    const coreUpdateEnemy = corePrototype.updateEnemy;
    const coreUpdateVisual = corePrototype.updateVisual;
    const coreUpdateCamera = corePrototype.updateCamera;
    const coreResolveAttack = corePrototype.resolveAttack;
    const coreResetRound = corePrototype.resetRound;
    const coreDestroy = corePrototype.destroy;
    
    /**
     * TPS gameplay extension over the battle-tested core runtime.
     *
     * This layer owns the high-energy presentation, the context-sensitive combo
     * graph and hit-confirm pacing while the base runtime keeps the audited input,
     * arena, lock-on, collision and round rules.
     */
    export class TpsFightGame extends CoreTpsFightGame {}
    
    const prototype = TpsFightGame.prototype as unknown as {
      updatePlayer(input: InputFrame): void;
      updateEnemy(): void;
      updateVisual(fighter: FighterRuntime, opponent: FighterRuntime, time: number): void;
      updateCamera(delta: number): void;
      resolveAttack(attacker: FighterRuntime, defender: FighterRuntime, defenderGuarding: boolean): void;
      resetRound(): void;
      beginContextAttack(): boolean;
      destroy(): void;
    };
    
    prototype.beginContextAttack = function beginContextAttack(): boolean {
      const game = extended(this as unknown as TpsFightGame);
      if (!game.p1.canAct()) return false;
      const distance = Math.hypot(
        game.p2.position.x - game.p1.position.x,
        game.p2.position.z - game.p1.position.z,
      );
      const stage = Math.min(2, game.playerComboStage);
      const flank = game.playerFlankWindowTicks > 0 && game.playerStepSideWeight > 0.45;
      const perfect = game.playerPerfectEvadeTicks > 0 && flank;
    
      if (stage === 0 || !game.__comboRoute) {
        game.__comboRouteSeed = (game.__comboRouteSeed ?? 0) + 1;
        game.__comboRoute = chooseTpsComboRoute({
          distance,
          flank,
          perfect,
          variationSeed: game.__comboRouteSeed + Math.floor(game.simulationTicks / 45),
        });
      }
    
      const moveId = tpsComboMoveForRoute(game.__comboRoute, stage, game.p1.definition);
      if (!game.p1.beginMove(moveId)) return false;
    
      // A successful lateral PERFECT STEP creates a large side gap by design. The
      // first counter therefore gets a short authored pursuit lunge so the reward
      // still reaches the opponent instead of whiffing because STEP distance was
      // doubled. The lunge stops at close striking distance and never teleports on
      // ordinary/flank-only routes.
      if (game.__comboRoute === "PERFECT" && stage === 0) {
        const towardTarget = horizontalDirection(game.p1.position, game.p2.position);
        const currentDistance = Math.hypot(
          game.p2.position.x - game.p1.position.x,
          game.p2.position.z - game.p1.position.z,
        );
        const lunge = THREE.MathUtils.clamp(
          currentDistance - PERFECT_COUNTER_TARGET_DISTANCE,
          0,
          PERFECT_COUNTER_MAX_LUNGE,
        );
        game.p1.position.addScaledVector(towardTarget, lunge);
        game.p1.visual.root.userData.tpsPerfectCounterLunge = lunge;
      }
    
      game.playerComboStage = stage + 1;
      game.playerComboGraceTicks = 34;
      game.p1.visual.root.userData.tpsComboRoute = game.__comboRoute;
      game.p1.visual.root.userData.tpsComboMove = moveId;
      game.p1.visual.root.userData.tpsComboStage = game.playerComboStage;
    
      if (flank) {
        game.playerFlankAttackTicks = 28;
        game.playerFlankWindowTicks = 0;
      }
      return true;
    };
    
    prototype.updatePlayer = function updatePlayer(input: InputFrame): void {
      const game = extended(this as unknown as TpsFightGame);
      const beforeState = game.p1.state;
      const beforeMoveId = game.p1.currentMove?.id ?? null;
      const rawAttackPressed = input.punch && !game.p1.input.punch;
      const activeMove = game.p1.currentMove;
    
      // Capture direction together with the ATTACK tap. Early taps are allowed to
      // buffer, but the continuation only fires inside the move's authored
      // cancelWindow. This preserves a visible follow-through beat before the next
      // startup and makes direction-based branches deterministic even if the player
      // releases the stick before the link point arrives.
      if (game.p1.state === "ATTACK" && rawAttackPressed && game.playerComboStage < 3) {
        game.__comboQueuedBranch = input.up
          ? "FORWARD"
          : input.down
            ? "BACK"
            : input.left || input.right
              ? "SIDE"
              : "NEUTRAL";
      }
    
      if (
        game.p1.state === "ATTACK"
        && activeMove
        && game.p1.hitTargets.has(game.p2.id)
        && game.playerComboStage < 3
      ) {
        const linkWindow = tpsComboLinkWindow(activeMove);
        if (rawAttackPressed && game.p1.moveTick >= linkWindow.queueStart && game.p1.moveTick <= linkWindow.linkEnd) {
          game.playerAttackQueued = true;
        }
    
        const inLinkWindow = game.p1.moveTick >= linkWindow.linkStart && game.p1.moveTick <= linkWindow.linkEnd;
        if (game.playerAttackQueued && inLinkWindow) {
          const linkTick = game.p1.moveTick;
          const distance = Math.hypot(
            game.p2.position.x - game.p1.position.x,
            game.p2.position.z - game.p1.position.z,
          );
          const routeFrom = game.__comboRoute ?? chooseTpsComboRoute({
            distance,
            flank: false,
            perfect: false,
            variationSeed: game.__comboRouteSeed ?? 0,
          });
          const branch = game.__comboQueuedBranch ?? "NEUTRAL";
          const routeTo = chooseTpsComboContinuationRoute({
            currentRoute: routeFrom,
            distance,
            forward: branch === "FORWARD",
            back: branch === "BACK",
            side: branch === "SIDE",
          });
          game.__comboRoute = routeTo;
          game.__comboLinkSerial = (game.__comboLinkSerial ?? 0) + 1;
          game.p1.visual.root.userData.tpsComboLinkSerial = game.__comboLinkSerial;
          game.p1.visual.root.userData.tpsComboLinkState = "LINKED";
          game.p1.visual.root.userData.tpsComboLinkFromMove = activeMove.id;
          game.p1.visual.root.userData.tpsComboLinkTick = linkTick;
          game.p1.visual.root.userData.tpsComboLinkStart = linkWindow.linkStart;
          game.p1.visual.root.userData.tpsComboLinkEnd = linkWindow.linkEnd;
          game.p1.visual.root.userData.tpsComboLinkRouteFrom = routeFrom;
          game.p1.visual.root.userData.tpsComboLinkRouteTo = routeTo;
          game.p1.visual.root.userData.tpsComboLinkBranch = branch;
          game.p1.visual.root.userData.tpsComboLinkBlendSeconds = 0.075;
    
          game.p1.setInput(input);
          game.p1.currentMove = null;
          game.p1.moveTick = 0;
          game.p1.state = "IDLE";
          game.p1.hitTargets.clear();
          game.playerAttackQueued = false;
          game.__comboQueuedBranch = undefined;
          if (prototype.beginContextAttack.call(this)) {
            game.p1.updatePhysics(FIXED_STEP);
            hype(game).comboShift(game.playerComboStage);
            game.audio.comboShift(game.playerComboStage);
          }
          return;
        }
    
        if (game.p1.moveTick > linkWindow.linkEnd) {
          game.playerAttackQueued = false;
          game.__comboQueuedBranch = undefined;
          game.p1.visual.root.userData.tpsComboLinkState = "MISSED";
        } else if (game.playerAttackQueued) {
          game.p1.visual.root.userData.tpsComboLinkState = "BUFFERED";
          game.p1.visual.root.userData.tpsComboLinkStart = linkWindow.linkStart;
          game.p1.visual.root.userData.tpsComboLinkEnd = linkWindow.linkEnd;
        }
      }
    
      coreUpdatePlayer.call(this, input);
    
      // The core already moved one STEP distance this tick. Add the same authored
      // displacement once more so forward/back/left/right/diagonal STEP all travel
      // exactly 2x without changing duration, cooldown, or dodge timing.
      if (game.p1.state === "SIDESTEP" && game.playerStepDirection.lengthSq() > 1e-6) {
        const moveSpeed = game.p1.definition.archetype === "SPEED" ? 4.0 : 3.35;
        const baseStepMultiplier = game.p1.definition.archetype === "SPEED" ? 2.55 : 2.45;
        const directionalStepBonus = game.playerStepForwardWeight < -0.45
          ? 0.48
          : game.playerStepForwardWeight > 0.45
            ? -0.16
            : 0.08;
        const stepMultiplier = baseStepMultiplier + directionalStepBonus;
        game.p1.position.addScaledVector(
          game.playerStepDirection,
          FIXED_STEP * moveSpeed * stepMultiplier * (TPS_STEP_DISTANCE_SCALE - 1),
        );
      }
    
      const startedStep = beforeState !== "SIDESTEP" && game.p1.state === "SIDESTEP";
      if (startedStep) {
        const perfect = game.playerPerfectEvadeTicks > 0;
        hype(game).step(game.p1, game.p2, perfect);
        game.audio.rush(perfect);
      }
    
      const startedDash = beforeMoveId !== "dashKick" && game.p1.currentMove?.id === "dashKick";
      if (startedDash) {
        game.__comboRoute = undefined;
        hype(game).dash();
        game.audio.rush(false, true);
      }
    };
    
    prototype.updateEnemy = function updateEnemy(): void {
      const game = extended(this as unknown as TpsFightGame);
      const beforePosition = game.p2.position.clone();
      const beforeState = game.p2.state;
      const beforeCooldown = game.enemyCooldown;
      const towardPlayer = horizontalDirection(beforePosition, game.p1.position);
      const facing = enemyVisualForward(game);
    
      // A lateral STEP now earns a visible angle. The CPU still reacquires the
      // player, but it does so progressively instead of snapping to face them every
      // fixed tick. Outside a side STEP the tracking remains responsive.
      const sideStepTracking = game.playerEvadeTicks > 0 && game.playerStepSideWeight > 0.45;
      const trackingRate = sideStepTracking ? ENEMY_SIDE_STEP_TRACK_RATE : ENEMY_TRACK_RATE;
      facing.lerp(towardPlayer, trackingRate);
      if (facing.lengthSq() <= 1e-8) facing.copy(towardPlayer);
      else facing.normalize();
      const enemyFacingAlignment = THREE.MathUtils.clamp(facing.dot(towardPlayer), -1, 1);
    
      coreUpdateEnemy.call(this);
    
      // Do not allow a newly selected strike to fire while the visible body is
      // still catching up to a side STEP. Existing attacks continue normally.
      const startedAttack = beforeState !== "ATTACK" && game.p2.state === "ATTACK";
      if (startedAttack && enemyFacingAlignment < ENEMY_ATTACK_ALIGNMENT) {
        game.p2.currentMove = null;
        game.p2.moveTick = 0;
        game.p2.hitTargets.clear();
        game.p2.state = "IDLE";
        game.enemyCooldown = Math.max(8, beforeCooldown > 0 ? beforeCooldown - 1 : 0);
        return;
      }
    
      // Broaden the CPU's visible vocabulary without changing its tactical timing.
      // Core still decides *when* and whether the choice was a light punch/kick;
      // this layer deterministically chooses a related body motion for that slot.
      const directorMove = game.p2.visual.root.userData.tpsCpuDirectorMove as string | null | undefined;
      if (startedAttack && game.p2.currentMove && game.p2.currentMove.id !== directorMove && ["jab", "straight", "kick"].includes(game.p2.currentMove.id)) {
        const distance = Math.hypot(
          game.p1.position.x - game.p2.position.x,
          game.p1.position.z - game.p2.position.z,
        );
        const selector = Math.floor(game.simulationTicks / 19);
        const closeChoices = ["jab", "straight", "bodyBlow", "backfist"] as const;
        const farChoices = ["kick", "lowKick", "risingKick"] as const;
        const choices = distance <= 1.62 ? closeChoices : farChoices;
        const nextId = choices[selector % choices.length];
        const nextMove = game.p2.definition.moves[nextId];
        if (nextMove) {
          game.p2.currentMove = nextMove;
          game.p2.moveTick = 0;
          game.p2.hitTargets.clear();
          game.p2.visual.root.userData.tpsCpuMotionMove = nextId;
        }
      }
    
      // The core AI decides when to attack/guard. When it chooses locomotion, replace
      // only that locomotion with a spacing model that has a real neutral band.
      // This removes the old perpetual WALK while preserving all tactical decisions.
      if (game.p2.state !== "WALK") return;
    
      const currentToward = horizontalDirection(beforePosition, game.p1.position);
      const distance = Math.hypot(
        game.p1.position.x - beforePosition.x,
        game.p1.position.z - beforePosition.z,
      );
      const tangent = new THREE.Vector3(-currentToward.z, 0, currentToward.x);
      const desiredDistance = game.enemyTactic === "PRESSURE"
        ? 1.72
        : game.enemyTactic === "BAIT"
          ? 2.55
          : 2.08;
      const distanceError = distance - desiredDistance;
      const movement = new THREE.Vector3();
      const directorIntent = game.p2.visual.root.userData.tpsCpuDirectorIntent as string | undefined;
    
      if (directorIntent === "APPROACH") movement.add(currentToward);
      else if (directorIntent === "RETREAT") movement.addScaledVector(currentToward, -1);
      else if (directorIntent === "SIDESTEP" || directorIntent === "JUMP") movement.addScaledVector(tangent, game.enemyOrbitSign);
      else {
        if (distanceError > ENEMY_SPACING_DEAD_ZONE) movement.add(currentToward);
        else if (distanceError < -ENEMY_SPACING_DEAD_ZONE) movement.addScaledVector(currentToward, -1);
    
        const orbitActive = game.enemyTactic === "ORBIT"
          && Math.abs(distanceError) <= 0.82
          && game.simulationTicks % ENEMY_TACTIC_INTERVAL < ENEMY_ORBIT_ACTIVE_TICKS;
        if (orbitActive) movement.addScaledVector(tangent, game.enemyOrbitSign * 0.58);
      }
    
      game.p2.position.copy(beforePosition);
      if (movement.lengthSq() <= 1e-6) {
        game.p2.state = "IDLE";
        return;
      }
    
      movement.normalize();
      const baseSpeed = game.p2.definition.archetype === "SPEED" ? 3.45 : 2.95;
      const difficultySpeed = game.difficulty === "HARD" ? 1.08 : game.difficulty === "EASY" ? 0.9 : 1;
      game.p2.position.addScaledVector(movement, FIXED_STEP * baseSpeed * difficultySpeed);
      game.p2.state = "WALK";
    };
    
    prototype.resolveAttack = function resolveAttack(
      attacker: FighterRuntime,
      defender: FighterRuntime,
      defenderGuarding: boolean,
    ): void {
      const game = extended(this as unknown as TpsFightGame);
      const move = attacker.currentMove;
      const alreadyResolved = !move || attacker.hitTargets.has(defender.id);
      const beforeHealth = defender.health;
      const beforeBlockStun = defender.blockStun;
      const beforeHitStop = defender.hitStop;
      const beforeState = defender.state;
    
      // Register both runtimes before the shared effect callback records the hit.
      trackMotionFighter(attacker);
      trackMotionFighter(defender);
      coreResolveAttack.call(this, attacker, defender, defenderGuarding);
      if (!move || alreadyResolved || !attacker.hitTargets.has(defender.id)) return;
    
      const blocked = defender.blockStun > beforeBlockStun || defender.state === "BLOCK_STUN";
      const madeContact = defender.health < beforeHealth || blocked || defender.hitStop > beforeHitStop;
      if (!madeContact) return;
    
      const tier = tpsHypeImpactTier(move.id, move.power);
      const sharedHitStop = tpsHypeHitStopForTier(tier, blocked);
      attacker.hitStop = Math.max(attacker.hitStop, sharedHitStop);
      defender.hitStop = Math.max(defender.hitStop, sharedHitStop);
    
      if (!blocked) {
        const knockbackScale = tpsHypeKnockbackScaleForTier(tier);
        defender.velocity.x *= knockbackScale;
        defender.velocity.z *= knockbackScale;
        if (move.launcher) {
          defender.velocity.y = Math.max(defender.velocity.y, TPS_HYPE_PROFILE.launcherVerticalSpeed);
          defender.grounded = false;
        } else if (tier === 3 && defender.state !== "KO" && ["KNOCKDOWN", "THROW"].includes(defender.state)) {
          defender.velocity.y = Math.max(defender.velocity.y, TPS_HYPE_PROFILE.heavyKnockdownVerticalSpeed);
          defender.grounded = false;
        }
      }
    
      const impactPosition = attacker.position.clone().lerp(defender.position, 0.55);
      impactPosition.y = move.hitLevel === "LOW" ? 0.55 : move.reactionTarget === "HEAD" ? 1.85 : 1.35;
      const event: HitEvent = {
        attacker: attacker.id,
        defender: defender.id,
        move,
        blocked,
        counter: !blocked && beforeState === "ATTACK",
        throwEscape: false,
        damage: Math.max(0, beforeHealth - defender.health),
        position: { x: impactPosition.x, y: impactPosition.y, z: impactPosition.z },
      };
      hype(game).hit(event, game.camera);
      game.audio.hypeImpact(event);
    };
    
    prototype.updateVisual = function updateVisual(
      fighter: FighterRuntime,
      opponent: FighterRuntime,
      time: number,
    ): void {
      coreUpdateVisual.call(this, fighter, opponent, time);
      const game = extended(this as unknown as TpsFightGame);
      if (fighter !== game.p2) {
        finalizeQuaterniusModelPose(fighter, time);
        return;
      }
    
      // The core animation still supplies the pose. Replace only its final root yaw
      // so the enemy visibly turns toward a lateral STEP over several ticks. A new
      // round/rematch is the one exception: it always starts correctly squared up.
      const forward = enemyVisualForward(game);
      if (game.simulationTicks === 0) {
        forward.copy(horizontalDirection(game.p2.position, game.p1.position));
      }
      fighter.visual.root.quaternion.setFromUnitVectors(MODEL_FORWARD, forward);
      fighter.visual.root.updateMatrixWorld(true);
      finalizeQuaterniusModelPose(fighter, time);
    };
    
    prototype.updateCamera = function updateCamera(delta: number): void {
      coreUpdateCamera.call(this, delta);
      const game = extended(this as unknown as TpsFightGame);
      hype(game).update(game.camera, delta);
    };
    
    prototype.resetRound = function resetRound(): void {
      coreResetRound.call(this);
      const game = extended(this as unknown as TpsFightGame);
      game.__comboRoute = undefined;
      game.__comboRouteSeed = 0;
      game.__comboLinkSerial = 0;
      game.__comboQueuedBranch = undefined;
      game.p1.visual.root.userData.tpsComboRoute = null;
      game.p1.visual.root.userData.tpsComboLinkSerial = 0;
      game.p1.visual.root.userData.tpsComboLinkState = null;
      game.p1.visual.root.userData.tpsComboLinkFromMove = null;
      game.p1.visual.root.userData.tpsComboLinkRouteFrom = null;
      game.p1.visual.root.userData.tpsComboLinkRouteTo = null;
      game.p1.visual.root.userData.tpsComboLinkBranch = null;
      game.p1.visual.root.userData.tpsComboMove = null;
      game.p1.visual.root.userData.tpsComboStage = 0;
      game.p1.visual.root.userData.tpsPerfectCounterLunge = 0;
      hype(game).reset(game.camera);
    };
    
    prototype.destroy = function destroy(): void {
      const game = extended(this as unknown as TpsFightGame);
      game.__hypeDirector?.dispose();
      game.__hypeDirector = undefined;
      coreDestroy.call(this);
    };
    
  operator: 'match'
  stack: |-
    TestContext.<anonymous> (/home/runner/work/poly-fighter/poly-fighter/tests/tps-mode.test.ts:99:10)
    async Test.run (node:internal/test_runner/test:932:9)
    async Test.processPendingSubtests (node:internal/test_runner/test:629:7)
  ...
# Subtest: TPS enemy decisions use the shared player-fun director without losing circular movement
ok 3 - TPS enemy decisions use the shared player-fun director without losing circular movement
  ---
  duration_ms: 7.33414
  ...
# Subtest: TPS result records a visible winner instead of a zero-zero duel score
ok 4 - TPS result records a visible winner instead of a zero-zero duel score
  ---
  duration_ms: 0.959766
  ...
# Subtest: TPS main UI exposes exactly ATTACK and STEP with no legacy duel route
not ok 5 - TPS main UI exposes exactly ATTACK and STEP with no legacy duel route
  ---
  duration_ms: 1.444458
  location: '/home/runner/work/poly-fighter/poly-fighter/tests/tps-mode.test.ts:2:6873'
  failureType: 'testCodeFailure'
  error: |-
    The input did not match the regular expression /"punch", "Attack", tpsPunish \? "PUNISH" : "ATTACK"/. Input:
    
    '"use client";\n' +
      '\n' +
      'import { useCallback, useEffect, useRef, useState } from "react";\n' +
      'import type { CSSProperties, PointerEvent as ReactPointerEvent, ReactNode } from "react";\n' +
      'import { FIGHTER_DEFINITIONS } from "@/src/game/definitions";\n' +
      'import { TpsFightGame } from "@/src/game/tps-game";\n' +
      'import { ReferenceReconstructionPanel } from "@/src/components/reference-reconstruction";\n' +
      'import { ModelViewerPanel } from "@/src/components/model-viewer-panel";\n' +
      'import type { CpuDifficulty } from "@/src/game/fighter";\n' +
      'import type { HudSnapshot, InputAction } from "@/src/game/types";\n' +
      'import { DEFAULT_FIGHTER_MODEL_ID, FIGHTER_MODEL_OPTIONS, type FighterModelId } from "@/src/game/model-skins";\n' +
      'import {\n' +
      '  directionToInput,\n' +
      '  directionVector,\n' +
      '  VirtualPadTracker,\n' +
      '  type DigitalDirection,\n' +
      '} from "@/src/game/virtual-pad";\n' +
      '\n' +
      'type Screen = "TITLE" | "SELECT" | "MODEL_VIEW" | "TPS_MATCH" | "RESULT";\n' +
      'type GameRuntime = TpsFightGame;\n' +
      'type SettingsDraft = {\n' +
      '  quality: "LOW" | "NORMAL" | "HIGH";\n' +
      '  cameraShake: boolean;\n' +
      '  audio: boolean;\n' +
      '  vibration: boolean;\n' +
      '  motionCorrections: boolean;\n' +
      '};\n' +
      '\n' +
      'const DEFAULT_SETTINGS: SettingsDraft = {\n' +
      '  quality: "NORMAL",\n' +
      '  cameraShake: true,\n' +
      '  audio: true,\n' +
      '  vibration: true,\n' +
      '  motionCorrections: false,\n' +
      '};\n' +
      '\n' +
      'function requestLandscape(): void {\n' +
      '  try {\n' +
      '    const orientation = (typeof window !== "undefined" ? window.screen?.orientation : undefined) as (ScreenOrientation & { lock?: (mode: string) => Promise<void> }) | undefined;\n' +
      '    if (!orientation?.lock) return;\n' +
      '    void orientation.lock("landscape").catch(() => undefined);\n' +
      '  } catch {\n' +
      '    // Orientation locking is optional on iOS Safari.\n' +
      '  }\n' +
      '}\n' +
      '\n' +
      'function pressableAction(\n' +
      '  gameRef: { current: GameRuntime | null },\n' +
      '  action: InputAction,\n' +
      '  label: string,\n' +
      '  children: ReactNode,\n' +
      '  className = "",\n' +
      ') {\n' +
      '  return (\n' +
      '    <button\n' +
      '      type="button"\n' +
      '      className={`touch-action ${className}`}\n' +
      '      aria-label={label}\n' +
      '      onPointerDown={(event) => {\n' +
      '        event.preventDefault();\n' +
      '        const owner = `${action}-${event.pointerId}`;\n' +
      '        gameRef.current?.press(action, owner);\n' +
      '        event.currentTarget.setPointerCapture?.(event.pointerId);\n' +
      '      }}\n' +
      '      onPointerUp={(event) => {\n' +
      '        event.preventDefault();\n' +
      '        gameRef.current?.release(action, `${action}-${event.pointerId}`);\n' +
      '      }}\n' +
      '      onPointerCancel={(event) => gameRef.current?.release(action, `${action}-${event.pointerId}`)}\n' +
      '      onLostPointerCapture={(event) => gameRef.current?.release(action, `${action}-${event.pointerId}`)}\n' +
      '    >\n' +
      '      {children}\n' +
      '    </button>\n' +
      '  );\n' +
      '}\n' +
      '\n' +
      'const PAD_DIRECTIONS: InputAction[] = ["left", "right", "up", "down"];\n' +
      '\n' +
      'function VirtualPad({\n' +
      '  gameRef,\n' +
      '  paused,\n' +
      '}: {\n' +
      '  gameRef: { current: GameRuntime | null };\n' +
      '  paused: boolean;\n' +
      '}) {\n' +
      '  const padRef = useRef<HTMLDivElement>(null);\n' +
      '  const trackerRef = useRef(new VirtualPadTracker());\n' +
      '  const ownerRef = useRef<string | null>(null);\n' +
      '  const directionRef = useRef<DigitalDirection>("NEUTRAL");\n' +
      '  const [direction, setDirection] = useState<DigitalDirection>("NEUTRAL");\n' +
      '\n' +
      '  const clear = useCallback(() => {\n' +
      '    const owner = ownerRef.current;\n' +
      '    if (owner) gameRef.current?.releaseOwner(owner);\n' +
      '    trackerRef.current.reset();\n' +
      '    ownerRef.current = null;\n' +
      '    directionRef.current = "NEUTRAL";\n' +
      '    setDirection("NEUTRAL");\n' +
      '  }, [gameRef]);\n' +
      '\n' +
      '  const applyPointer = useCallback((event: ReactPointerEvent<HTMLDivElement>) => {\n' +
      '    const pad = padRef.current;\n' +
      '    const pointerId = trackerRef.current.pointerId;\n' +
      '    const owner = ownerRef.current;\n' +
      '    if (!pad || pointerId === null || owner === null || pointerId !== event.pointerId) return;\n' +
      '    const rect = pad.getBoundingClientRect();\n' +
      '    const radius = Math.min(rect.width, rect.height) * 0.5;\n' +
      '    const centerX = rect.left + rect.width * 0.5;\n' +
      '    const centerY = rect.top + rect.height * 0.5;\n' +
      '    const next = trackerRef.current.move(\n' +
      '      event.pointerId,\n' +
      '      event.clientX - centerX,\n' +
      '      centerY - event.clientY,\n' +
      '      radius,\n' +
      '    );\n' +
      '    if (next === directionRef.current) return;\n' +
      '    directionRef.current = next;\n' +
      '    setDirection(next);\n' +
      '    gameRef.current?.releaseOwner(owner);\n' +
      '    const frame = directionToInput(next);\n' +
      '    for (const action of PAD_DIRECTIONS) {\n' +
      '      if (frame[action]) gameRef.current?.press(action, owner);\n' +
      '    }\n' +
      '  }, [gameRef]);\n' +
      '\n' +
      '  useEffect(() => {\n' +
      '    const onVisibilityChange = () => {\n' +
      '      if (document.hidden) clear();\n' +
      '    };\n' +
      '    const onOrientationChange = () => clear();\n' +
      '    document.addEventListener("visibilitychange", onVisibilityChange);\n' +
      '    window.addEventListener("orientationchange", onOrientationChange);\n' +
      '    return () => {\n' +
      '      document.removeEventListener("visibilitychange", onVisibilityChange);\n' +
      '      window.removeEventListener("orientationchange", onOrientationChange);\n' +
      '    };\n' +
      '  }, [clear]);\n' +
      '\n' +
      '  useEffect(() => {\n' +
      '    if (!paused) return undefined;\n' +
      '    const timeout = window.setTimeout(clear, 0);\n' +
      '    return () => window.clearTimeout(timeout);\n' +
      '  }, [clear, paused]);\n' +
      '\n' +
      '  useEffect(() => () => clear(), [clear]);\n' +
      '\n' +
      '  const vector = directionVector(direction);\n' +
      '  const knobStyle = {\n' +
      '    transform: `translate(calc(-50% + ${vector.x * 31}px), calc(-50% - ${vector.y * 31}px))`,\n' +
      '  };\n' +
      '\n' +
      '  const begin = (event: ReactPointerEvent<HTMLDivElement>) => {\n' +
      '    if (paused || trackerRef.current.pointerId !== null) return;\n' +
      '    event.preventDefault();\n' +
      '    const rect = padRef.current?.getBoundingClientRect();\n' +
      '    if (!rect) return;\n' +
      '    const radius = Math.min(rect.width, rect.height) * 0.5;\n' +
      '    ownerRef.current = `virtual-pad-${event.pointerId}`;\n' +
      '    event.currentTarget.setPointerCapture?.(event.pointerId);\n' +
      '    gameRef.current?.interact();\n' +
      '    trackerRef.current.begin(event.pointerId, event.clientX - (rect.left + rect.width * 0.5), (rect.top + rect.height * 0.5) - event.clientY, radius);\n' +
      '    applyPointer(event);\n' +
      '  };\n' +
      '  const move = (event: ReactPointerEvent<HTMLDivElement>) => {\n' +
      '    event.preventDefault();\n' +
      '    applyPointer(event);\n' +
      '  };\n' +
      '  const end = (event: ReactPointerEvent<HTMLDivElement>) => {\n' +
      '    if (trackerRef.current.pointerId !== event.pointerId) return;\n' +
      '    event.preventDefault();\n' +
      '    trackerRef.current.release(event.pointerId);\n' +
      '    clear();\n' +
      '  };\n' +
      '\n' +
      '  return (\n' +
      '    <div\n' +
      '      ref={padRef}\n' +
      '      className="virtual-pad"\n' +
      '      aria-label={`8-way direction input: ${direction}`}\n' +
      '      data-direction={direction}\n' +
      '      onPointerDown={begin}\n' +
      '      onPointerMove={move}\n' +
      '      onPointerUp={end}\n' +
      '      onPointerCancel={end}\n' +
      '      onLostPointerCapture={end}\n' +
      '    >\n' +
      '      <div className="virtual-pad-sector" aria-hidden="true" />\n' +
      '      <div className="virtual-pad-ring" aria-hidden="true" />\n' +
      '      <div className="virtual-pad-knob" style={knobStyle} aria-hidden="true" />\n' +
      '      <span className="virtual-pad-label">8-WAY</span>\n' +
      '    </div>\n' +
      '  );\n' +
      '}\n' +
      '\n' +
      'function HealthBar({ value, reverse = false }: { value: number; reverse?: boolean }) {\n' +
      '  return (\n' +
      '    <div className={`health-track ${reverse ? "reverse" : ""}`}>\n' +
      '      <div className="health-fill" style={{ width: `${Math.max(0, Math.min(100, value))}%` }} />\n' +
      '    </div>\n' +
      '  );\n' +
      '}\n' +
      '\n' +
      'export default function Home() {\n' +
      '  const mountRef = useRef<HTMLDivElement>(null);\n' +
      '  const gameRef = useRef<GameRuntime | null>(null);\n' +
      '  const [screen, setScreen] = useState<Screen>("TITLE");\n' +
      '  const [p1Choice, setP1Choice] = useState("red");\n' +
      '  const [p2Choice, setP2Choice] = useState("blue");\n' +
      '  const [modelChoice, setModelChoice] = useState<FighterModelId>(DEFAULT_FIGHTER_MODEL_ID);\n' +
      '  const [difficulty, setDifficulty] = useState<CpuDifficulty>("NORMAL");\n' +
      '  const [hud, setHud] = useState<HudSnapshot | null>(null);\n' +
      '  const [fallback, setFallback] = useState<string | null>(null);\n' +
      '  const [showSettings, setShowSettings] = useState(false);\n' +
      '  const [paused, setPaused] = useState(false);\n' +
      '  const [referenceMode, setReferenceMode] = useState(false);\n' +
      '  const [settings, setSettings] = useState<SettingsDraft>(() => {\n' +
      '    if (typeof window === "undefined") return DEFAULT_SETTINGS;\n' +
      '    try {\n' +
      '      const stored = window.localStorage.getItem("poly-fighter-settings-v1");\n' +
      '      return stored ? { ...DEFAULT_SETTINGS, ...(JSON.parse(stored) as Partial<SettingsDraft>) } : DEFAULT_SETTINGS;\n' +
      '    } catch {\n' +
      '      return DEFAULT_SETTINGS;\n' +
      '    }\n' +
      '  });\n' +
      '  const settingsRef = useRef(settings);\n' +
      '\n' +
      '  useEffect(() => {\n' +
      '    const referenceTimeout = window.setTimeout(() => {\n' +
      '      setReferenceMode(new URLSearchParams(window.location.search).get("reference") === "1");\n' +
      '    }, 0);\n' +
      '    const preventContextMenu = (event: Event) => event.preventDefault();\n' +
      '    window.addEventListener("contextmenu", preventContextMenu, { passive: false });\n' +
      '    if ("serviceWorker" in navigator) {\n' +
      '      void navigator.serviceWorker\n' +
      '        .register("/sw.js", { updateViaCache: "none" })\n' +
      '        .then((registration) => registration.update())\n' +
      '        .catch(() => undefined);\n' +
      '    }\n' +
      '    return () => {\n' +
      '      window.clearTimeout(referenceTimeout);\n' +
      '      window.removeEventListener("contextmenu", preventContextMenu);\n' +
      '    };\n' +
      '  }, []);\n' +
      '\n' +
      '  useEffect(() => {\n' +
      '    if (screen !== "TPS_MATCH" || !mountRef.current) return undefined;\n' +
      '    setFallback(null);\n' +
      '    let game: GameRuntime;\n' +
      '    let reportedFallback = false;\n' +
      '    try {\n' +
      '      game = new TpsFightGame(mountRef.current, {\n' +
      '        p1Definition: FIGHTER_DEFINITIONS[p1Choice] ?? FIGHTER_DEFINITIONS.red,\n' +
      '        p2Definition: FIGHTER_DEFINITIONS[p2Choice] ?? FIGHTER_DEFINITIONS.blue,\n' +
      '        p1Model: modelChoice,\n' +
      '        p2Model: modelChoice,\n' +
      '        difficulty,\n' +
      '        onHud: setHud,\n' +
      '        onFallback: (message) => {\n' +
      '          reportedFallback = true;\n' +
      '          setFallback(message);\n' +
      '        },\n' +
      '        onResult: (winner) => {\n' +
      '          setHud((current) => (current ? { ...current, message: winner === "draw" ? "DRAW" : `${winner === "p1" ? "PLAYER 1" : "PLAYER 2"} WINS` } : current));\n' +
      '          setScreen("RESULT");\n' +
      '        },\n' +
      '      });\n' +
      '    } catch (error) {\n' +
      '      console.error("[POLY FIGHTER] game startup failed", error);\n' +
      '      mountRef.current?.replaceChildren();\n' +
      '      if (!reportedFallback) {\n' +
      '        window.setTimeout(() => setFallback("3D描画を開始できませんでした。Safariを再読み込みしてもう一度お試しください。"), 0);\n' +
      '      }\n' +
      '      return undefined;\n' +
      '    }'... 11569 more characters
    
  code: 'ERR_ASSERTION'
  name: 'AssertionError'
  expected:
  actual: |-
    "use client";
    
    import { useCallback, useEffect, useRef, useState } from "react";
    import type { CSSProperties, PointerEvent as ReactPointerEvent, ReactNode } from "react";
    import { FIGHTER_DEFINITIONS } from "@/src/game/definitions";
    import { TpsFightGame } from "@/src/game/tps-game";
    import { ReferenceReconstructionPanel } from "@/src/components/reference-reconstruction";
    import { ModelViewerPanel } from "@/src/components/model-viewer-panel";
    import type { CpuDifficulty } from "@/src/game/fighter";
    import type { HudSnapshot, InputAction } from "@/src/game/types";
    import { DEFAULT_FIGHTER_MODEL_ID, FIGHTER_MODEL_OPTIONS, type FighterModelId } from "@/src/game/model-skins";
    import {
      directionToInput,
      directionVector,
      VirtualPadTracker,
      type DigitalDirection,
    } from "@/src/game/virtual-pad";
    
    type Screen = "TITLE" | "SELECT" | "MODEL_VIEW" | "TPS_MATCH" | "RESULT";
    type GameRuntime = TpsFightGame;
    type SettingsDraft = {
      quality: "LOW" | "NORMAL" | "HIGH";
      cameraShake: boolean;
      audio: boolean;
      vibration: boolean;
      motionCorrections: boolean;
    };
    
    const DEFAULT_SETTINGS: SettingsDraft = {
      quality: "NORMAL",
      cameraShake: true,
      audio: true,
      vibration: true,
      motionCorrections: false,
    };
    
    function requestLandscape(): void {
      try {
        const orientation = (typeof window !== "undefined" ? window.screen?.orientation : undefined) as (ScreenOrientation & { lock?: (mode: string) => Promise<void> }) | undefined;
        if (!orientation?.lock) return;
        void orientation.lock("landscape").catch(() => undefined);
      } catch {
        // Orientation locking is optional on iOS Safari.
      }
    }
    
    function pressableAction(
      gameRef: { current: GameRuntime | null },
      action: InputAction,
      label: string,
      children: ReactNode,
      className = "",
    ) {
      return (
        <button
          type="button"
          className={`touch-action ${className}`}
          aria-label={label}
          onPointerDown={(event) => {
            event.preventDefault();
            const owner = `${action}-${event.pointerId}`;
            gameRef.current?.press(action, owner);
            event.currentTarget.setPointerCapture?.(event.pointerId);
          }}
          onPointerUp={(event) => {
            event.preventDefault();
            gameRef.current?.release(action, `${action}-${event.pointerId}`);
          }}
          onPointerCancel={(event) => gameRef.current?.release(action, `${action}-${event.pointerId}`)}
          onLostPointerCapture={(event) => gameRef.current?.release(action, `${action}-${event.pointerId}`)}
        >
          {children}
        </button>
      );
    }
    
    const PAD_DIRECTIONS: InputAction[] = ["left", "right", "up", "down"];
    
    function VirtualPad({
      gameRef,
      paused,
    }: {
      gameRef: { current: GameRuntime | null };
      paused: boolean;
    }) {
      const padRef = useRef<HTMLDivElement>(null);
      const trackerRef = useRef(new VirtualPadTracker());
      const ownerRef = useRef<string | null>(null);
      const directionRef = useRef<DigitalDirection>("NEUTRAL");
      const [direction, setDirection] = useState<DigitalDirection>("NEUTRAL");
    
      const clear = useCallback(() => {
        const owner = ownerRef.current;
        if (owner) gameRef.current?.releaseOwner(owner);
        trackerRef.current.reset();
        ownerRef.current = null;
        directionRef.current = "NEUTRAL";
        setDirection("NEUTRAL");
      }, [gameRef]);
    
      const applyPointer = useCallback((event: ReactPointerEvent<HTMLDivElement>) => {
        const pad = padRef.current;
        const pointerId = trackerRef.current.pointerId;
        const owner = ownerRef.current;
        if (!pad || pointerId === null || owner === null || pointerId !== event.pointerId) return;
        const rect = pad.getBoundingClientRect();
        const radius = Math.min(rect.width, rect.height) * 0.5;
        const centerX = rect.left + rect.width * 0.5;
        const centerY = rect.top + rect.height * 0.5;
        const next = trackerRef.current.move(
          event.pointerId,
          event.clientX - centerX,
          centerY - event.clientY,
          radius,
        );
        if (next === directionRef.current) return;
        directionRef.current = next;
        setDirection(next);
        gameRef.current?.releaseOwner(owner);
        const frame = directionToInput(next);
        for (const action of PAD_DIRECTIONS) {
          if (frame[action]) gameRef.current?.press(action, owner);
        }
      }, [gameRef]);
    
      useEffect(() => {
        const onVisibilityChange = () => {
          if (document.hidden) clear();
        };
        const onOrientationChange = () => clear();
        document.addEventListener("visibilitychange", onVisibilityChange);
        window.addEventListener("orientationchange", onOrientationChange);
        return () => {
          document.removeEventListener("visibilitychange", onVisibilityChange);
          window.removeEventListener("orientationchange", onOrientationChange);
        };
      }, [clear]);
    
      useEffect(() => {
        if (!paused) return undefined;
        const timeout = window.setTimeout(clear, 0);
        return () => window.clearTimeout(timeout);
      }, [clear, paused]);
    
      useEffect(() => () => clear(), [clear]);
    
      const vector = directionVector(direction);
      const knobStyle = {
        transform: `translate(calc(-50% + ${vector.x * 31}px), calc(-50% - ${vector.y * 31}px))`,
      };
    
      const begin = (event: ReactPointerEvent<HTMLDivElement>) => {
        if (paused || trackerRef.current.pointerId !== null) return;
        event.preventDefault();
        const rect = padRef.current?.getBoundingClientRect();
        if (!rect) return;
        const radius = Math.min(rect.width, rect.height) * 0.5;
        ownerRef.current = `virtual-pad-${event.pointerId}`;
        event.currentTarget.setPointerCapture?.(event.pointerId);
        gameRef.current?.interact();
        trackerRef.current.begin(event.pointerId, event.clientX - (rect.left + rect.width * 0.5), (rect.top + rect.height * 0.5) - event.clientY, radius);
        applyPointer(event);
      };
      const move = (event: ReactPointerEvent<HTMLDivElement>) => {
        event.preventDefault();
        applyPointer(event);
      };
      const end = (event: ReactPointerEvent<HTMLDivElement>) => {
        if (trackerRef.current.pointerId !== event.pointerId) return;
        event.preventDefault();
        trackerRef.current.release(event.pointerId);
        clear();
      };
    
      return (
        <div
          ref={padRef}
          className="virtual-pad"
          aria-label={`8-way direction input: ${direction}`}
          data-direction={direction}
          onPointerDown={begin}
          onPointerMove={move}
          onPointerUp={end}
          onPointerCancel={end}
          onLostPointerCapture={end}
        >
          <div className="virtual-pad-sector" aria-hidden="true" />
          <div className="virtual-pad-ring" aria-hidden="true" />
          <div className="virtual-pad-knob" style={knobStyle} aria-hidden="true" />
          <span className="virtual-pad-label">8-WAY</span>
        </div>
      );
    }
    
    function HealthBar({ value, reverse = false }: { value: number; reverse?: boolean }) {
      return (
        <div className={`health-track ${reverse ? "reverse" : ""}`}>
          <div className="health-fill" style={{ width: `${Math.max(0, Math.min(100, value))}%` }} />
        </div>
      );
    }
    
    export default function Home() {
      const mountRef = useRef<HTMLDivElement>(null);
      const gameRef = useRef<GameRuntime | null>(null);
      const [screen, setScreen] = useState<Screen>("TITLE");
      const [p1Choice, setP1Choice] = useState("red");
      const [p2Choice, setP2Choice] = useState("blue");
      const [modelChoice, setModelChoice] = useState<FighterModelId>(DEFAULT_FIGHTER_MODEL_ID);
      const [difficulty, setDifficulty] = useState<CpuDifficulty>("NORMAL");
      const [hud, setHud] = useState<HudSnapshot | null>(null);
      const [fallback, setFallback] = useState<string | null>(null);
      const [showSettings, setShowSettings] = useState(false);
      const [paused, setPaused] = useState(false);
      const [referenceMode, setReferenceMode] = useState(false);
      const [settings, setSettings] = useState<SettingsDraft>(() => {
        if (typeof window === "undefined") return DEFAULT_SETTINGS;
        try {
          const stored = window.localStorage.getItem("poly-fighter-settings-v1");
          return stored ? { ...DEFAULT_SETTINGS, ...(JSON.parse(stored) as Partial<SettingsDraft>) } : DEFAULT_SETTINGS;
        } catch {
          return DEFAULT_SETTINGS;
        }
      });
      const settingsRef = useRef(settings);
    
      useEffect(() => {
        const referenceTimeout = window.setTimeout(() => {
          setReferenceMode(new URLSearchParams(window.location.search).get("reference") === "1");
        }, 0);
        const preventContextMenu = (event: Event) => event.preventDefault();
        window.addEventListener("contextmenu", preventContextMenu, { passive: false });
        if ("serviceWorker" in navigator) {
          void navigator.serviceWorker
            .register("/sw.js", { updateViaCache: "none" })
            .then((registration) => registration.update())
            .catch(() => undefined);
        }
        return () => {
          window.clearTimeout(referenceTimeout);
          window.removeEventListener("contextmenu", preventContextMenu);
        };
      }, []);
    
      useEffect(() => {
        if (screen !== "TPS_MATCH" || !mountRef.current) return undefined;
        setFallback(null);
        let game: GameRuntime;
        let reportedFallback = false;
        try {
          game = new TpsFightGame(mountRef.current, {
            p1Definition: FIGHTER_DEFINITIONS[p1Choice] ?? FIGHTER_DEFINITIONS.red,
            p2Definition: FIGHTER_DEFINITIONS[p2Choice] ?? FIGHTER_DEFINITIONS.blue,
            p1Model: modelChoice,
            p2Model: modelChoice,
            difficulty,
            onHud: setHud,
            onFallback: (message) => {
              reportedFallback = true;
              setFallback(message);
            },
            onResult: (winner) => {
              setHud((current) => (current ? { ...current, message: winner === "draw" ? "DRAW" : `${winner === "p1" ? "PLAYER 1" : "PLAYER 2"} WINS` } : current));
              setScreen("RESULT");
            },
          });
        } catch (error) {
          console.error("[POLY FIGHTER] game startup failed", error);
          mountRef.current?.replaceChildren();
          if (!reportedFallback) {
            window.setTimeout(() => setFallback("3D描画を開始できませんでした。Safariを再読み込みしてもう一度お試しください。"), 0);
          }
          return undefined;
        }
        game.updateSettings(settingsRef.current);
        gameRef.current = game;
        try {
          game.start();
        } catch (error) {
          console.error("[POLY FIGHTER] game loop startup failed", error);
          gameRef.current = null;
          game.destroy();
          if (!reportedFallback) {
            window.setTimeout(() => setFallback("ゲームループを開始できませんでした。Safariを再読み込みしてもう一度お試しください。"), 0);
          }
          return undefined;
        }
        return () => {
          gameRef.current = null;
          game.destroy();
        };
      }, [difficulty, modelChoice, p1Choice, p2Choice, screen]);
    
      const persistSettings = (patch: Partial<SettingsDraft>) => {
        const next = { ...settings, ...patch };
        setSettings(next);
        settingsRef.current = next;
        try {
          window.localStorage.setItem("poly-fighter-settings-v1", JSON.stringify(next));
        } catch {
          // Local settings are best effort.
        }
        gameRef.current?.updateSettings(patch);
      };
    
      const startMatch = () => {
        requestLandscape();
        setHud(null);
        setPaused(false);
        setScreen("TPS_MATCH");
      };
    
      const backToTitle = () => {
        requestLandscape();
        setPaused(false);
        setScreen("TITLE");
      };
    
      const cycleQuality = () => {
        const values: SettingsDraft["quality"][] = ["LOW", "NORMAL", "HIGH"];
        const index = values.indexOf(settings.quality);
        persistSettings({ quality: values[(index + 1) % values.length] });
      };
    
      const p1 = FIGHTER_DEFINITIONS[p1Choice] ?? FIGHTER_DEFINITIONS.red;
      const p2 = FIGHTER_DEFINITIONS[p2Choice] ?? FIGHTER_DEFINITIONS.blue;
      const isGameSurface = screen === "TPS_MATCH";
      const tpsIncoming = hud?.message === "INCOMING";
      const tpsWindup = hud?.message === "WINDUP";
      const tpsPunish = ["PERFECT STEP", "FLANK OPEN", "REVERSAL"].includes(hud?.message ?? "");
      const tpsIntercept = ["WINDUP", "INTERCEPT"].includes(hud?.message ?? "");
      const tpsStrikeRange = hud?.message === "STRIKE RANGE";
      const tpsComboMessage = (hud?.message ?? "").startsWith("COMBO ");
      const tpsKoMessage = ["KO", "FINAL IMPACT"].includes(hud?.message ?? "");
      const tpsFaceSafeMessage = Boolean(hud?.message);
    
      if (referenceMode) return <ReferenceReconstructionPanel />;
    
      return (
        <main className="poly-app">
          <div ref={mountRef} className={`scene-host ${isGameSurface ? "visible" : ""}`} />
          <div className="scanlines" aria-hidden="true" />
    
          {screen === "TITLE" && (
            <section className="title-screen screen-panel">
              <div className="title-kicker">RETRO 3D DNA / MODERN POLYGON DENSITY</div>
              <h1>POLY<span>FIGHTER</span></h1>
              <p className="title-subtitle">HIGH-POLY FLAT SHADING // RING 01</p>
              <div className="title-mark"><span /> <b>01</b> <span /></div>
              <p className="title-copy">A close-range 3D lock-on fighter built for direct movement, readable impact, and fast rematches.</p>
              <button type="button" className="primary-button" onClick={() => { setScreen("SELECT"); requestLandscape(); }}>
                <span>START FIGHT</span><small>TPS LOCK-ON / LOADOUT SELECT</small>
              </button>
              <button type="button" className="ghost-button" onClick={() => { requestLandscape(); setScreen("MODEL_VIEW"); }}>MODEL VIEW</button>
              <button type="button" className="ghost-button" onClick={() => setShowSettings(true)}>SETTINGS</button>
              <div className="title-footer"><span>iPHONE SAFARI / LANDSCAPE</span><span>BUILD 0.1 // TPS LOCK-ON</span></div>
            </section>
          )}
    
          {screen === "MODEL_VIEW" && <ModelViewerPanel quality={settings.quality} onBack={backToTitle} />}
    
          {screen === "SELECT" && (
            <section className="select-screen screen-panel">
              <div className="screen-heading"><span>TPS LOADOUT</span><i>LOCK-ON FIGHTER / CPU / DIFFICULTY</i></div>
              <div className="fighter-select-grid">
                {[FIGHTER_DEFINITIONS.red, FIGHTER_DEFINITIONS.blue].map((fighter) => {
                  const selected = fighter.id === p1Choice;
                  return (
                    <button
                      key={`p1-${fighter.id}`}
                      type="button"
                      className={`fighter-card ${selected ? "selected-red" : ""}`}
                      onClick={() => setP1Choice(fighter.id)}
                    >
                      <div className="fighter-orb" style={{ "--fighter-color": `#${fighter.colors.primary.toString(16).padStart(6, "0")}` } as CSSProperties} />
                      <strong>{fighter.name}</strong><small>{fighter.callsign}</small><em>PLAYER 1 / {fighter.archetype}</em>
                    </button>
                  );
                })}
              </div>
              <div className="versus-line"><span>PLAYER 1</span><b>VS</b><span>CPU // PLAYER 2</span></div>
              <div className="fighter-select-grid opponent-grid">
                {[FIGHTER_DEFINITIONS.red, FIGHTER_DEFINITIONS.blue].map((fighter) => {
                  const selected = fighter.id === p2Choice;
                  return (
                    <button
                      key={`p2-${fighter.id}`}
                      type="button"
                      className={`fighter-card ${selected ? "selected-blue" : ""}`}
                      onClick={() => setP2Choice(fighter.id)}
                    >
                      <div className="fighter-orb" style={{ "--fighter-color": `#${fighter.colors.primary.toString(16).padStart(6, "0")}` } as CSSProperties} />
                      <strong>{fighter.name}</strong><small>{fighter.callsign}</small><em>PLAYER 2 / {fighter.archetype}</em>
                    </button>
                  );
                })}
              </div>
              <div className="difficulty" style={{ marginTop: 10 }}>
                <span>VISUAL MODEL</span>
                {FIGHTER_MODEL_OPTIONS.map((option) => (
                  <button key={option.id} type="button" className={modelChoice === option.id ? "active" : ""} onClick={() => setModelChoice(option.id)}>
                    {option.label}
                  </button>
                ))}
              </div>
              <div style={{ color: "#7894ae", fontSize: 8, letterSpacing: ".12em", margin: "5px 0 2px" }}>
                {modelChoice === "QUATERNIUS_UBC" ? "CC0 / UNIVERSAL RIG / MOTION READY" : "POLY FIGHTER CUSTOM VISUAL"}
              </div>
              <div className="select-bottom">
                <div className="difficulty"><span>CPU DIFFICULTY</span>{(["EASY", "NORMAL", "HARD"] as CpuDifficulty[]).map((level) => <button key={level} type="button" className={difficulty === level ? "active" : ""} onClick={() => setDifficulty(level)}>{level}</button>)}</div>
                <button type="button" className="primary-button compact" onClick={startMatch}><span>ENGAGE</span><small>{p1.name} / {p2.name} / {difficulty}</small></button>
              </div>
              <button type="button" className="back-button" onClick={backToTitle}>← TITLE</button>
            </section>
          )}
    
          {isGameSurface && (
            <>
              <section className={`fight-hud ${tpsFaceSafeMessage ? "tps-face-safe-active" : ""}`} aria-live="polite">
                <div className="hud-player left-player"><div className="hud-name"><span>PLAYER 1</span><strong>{hud?.p1Name ?? p1.name}</strong></div><HealthBar value={hud?.p1Health ?? 100} /><div className="win-pips"><i className={(hud?.p1Wins ?? 0) > 0 ? "won" : ""} /><i className={(hud?.p1Wins ?? 0) > 1 ? "won" : ""} /></div></div>
                <div className="round-readout"><span>ROUND {hud?.round ?? 1}</span><b>{String(hud?.timer ?? 60).padStart(2, "0")}</b><small>{hud?.message ?? "ROUND 1"}</small></div>
                <div className="hud-player right-player"><div className="hud-name"><span>CPU // PLAYER 2</span><strong>{hud?.p2Name ?? p2.name}</strong></div><HealthBar value={hud?.p2Health ?? 100} reverse /><div className="win-pips"><i className={(hud?.p2Wins ?? 0) > 0 ? "won" : ""} /><i className={(hud?.p2Wins ?? 0) > 1 ? "won" : ""} /></div></div>
              </section>
              <div className={`match-badge tps-badge ${tpsFaceSafeMessage ? "tps-face-safe-badge" : ""} ${tpsComboMessage ? "tps-combo-badge" : ""} ${tpsKoMessage ? "tps-ko-badge" : ""}`}>{tpsFaceSafeMessage ? <strong>{hud?.message}</strong> : <><strong>{hud?.message ?? "TARGET LOCKED"}</strong><span>•</span><b>{hud?.p2Name ?? p2.name}</b></>}</div>
              <button type="button" className="pause-button tps-pause-button" aria-label={paused ? "Resume" : "Pause"} onClick={() => { const next = !paused; setPaused(next); if (next) gameRef.current?.pause(); else gameRef.current?.resume(); }}> {paused ? "▶" : "Ⅱ"} </button>
              <section className="touch-controls" aria-label="Touch controls">
                <VirtualPad gameRef={gameRef} paused={paused} />
                <div className="action-buttons tps-two-button-actions">
                  {pressableAction(gameRef, "guard", "Step", tpsIncoming ? "STEP NOW" : tpsWindup ? "READY" : "STEP", "guard tps-step-action " + (tpsIncoming ? "tps-threat-action" : tpsWindup ? "tps-windup-action" : ""))}
                  {pressableAction(gameRef, "punch", "Attack", tpsPunish ? "PUNISH" : tpsIntercept ? "INTERCEPT" : "ATTACK", "punch tps-attack-action " + (tpsPunish ? "tps-punish-action" : tpsIntercept ? "tps-intercept-action" : tpsStrikeRange ? "tps-ready-action" : ""))}
                </div>
              </section>
              <div className="input-hint tps-input-hint"><b>ATTACK</b> AUTO PUNCH / KICK <span>•</span> <b>WINDUP</b> STEP OR INTERCEPT <span>•</span> <b>PERFECT STEP</b> → REVERSAL <span>•</span> FORWARD STEP → ATTACK = DASH</div>
            </>
          )}
    
          {screen === "RESULT" && (
            <section className="result-panel screen-panel">
              <span className="result-kicker">MATCH COMPLETE</span>
              <h2>{hud?.message ?? "RESULT"}</h2>
              <div className="result-score"><b>{hud?.p1Wins ?? 0}</b><span>—</span><b>{hud?.p2Wins ?? 0}</b></div>
              <button type="button" className="primary-button compact" onClick={() => setScreen("TPS_MATCH")}><span>REMATCH</span><small>RE-ENGAGE TARGET</small></button>
              <button type="button" className="ghost-button" onClick={backToTitle}>TITLE</button>
            </section>
          )}
    
          {fallback && <section className="fallback-panel screen-panel"><h2>WEBGL FALLBACK</h2><p>{fallback}</p><button type="button" className="ghost-button" onClick={backToTitle}>RETURN TO TITLE</button></section>}
    
          {showSettings && (
            <section className="settings-panel screen-panel">
              <div className="screen-heading"><span>SETTINGS</span><i>DEVICE SAFE DEFAULTS</i></div>
              <button type="button" className="setting-row" onClick={cycleQuality}><span>GRAPHICS QUALITY</span><b>{settings.quality}</b></button>
              <button type="button" className="setting-row" onClick={() => persistSettings({ cameraShake: !settings.cameraShake })}><span>CAMERA SHAKE</span><b>{settings.cameraShake ? "ON" : "OFF"}</b></button>
              <button type="button" className="setting-row" onClick={() => persistSettings({ audio: !settings.audio })}><span>SYNTH AUDIO</span><b>{settings.audio ? "ON" : "OFF"}</b></button>
              <button type="button" className="setting-row" onClick={() => persistSettings({ vibration: !settings.vibration })}><span>HAPTIC FEEDBACK</span><b>{settings.vibration ? "ON" : "OFF"}</b></button>
              <button type="button" className="setting-row" onClick={() => persistSettings({ motionCorrections: !settings.motionCorrections })}><span>MOTION CORRECTION</span><b>{settings.motionCorrections ? "ON" : "OFF"}</b></button>
              <button type="button" className="ghost-button" onClick={() => setShowSettings(false)}>DONE</button>
            </section>
          )}
        </main>
      );
    }
    
  operator: 'match'
  stack: |-
    TestContext.<anonymous> (/home/runner/work/poly-fighter/poly-fighter/tests/tps-mode.test.ts:144:10)
    async Test.run (node:internal/test_runner/test:932:9)
    async Test.processPendingSubtests (node:internal/test_runner/test:629:7)
  ...
# Subtest: TPS KO presentation waits for the defeated fighter to land before RESULT
ok 6 - TPS KO presentation waits for the defeated fighter to land before RESULT
  ---
  duration_ms: 2.116539
  ...
# Subtest: TPS messages use a face-safe HUD lane and RESULT removes live fight controls
ok 7 - TPS messages use a face-safe HUD lane and RESULT removes live fight controls
  ---
  duration_ms: 3.495235
  ...
# Subtest: TPS reactive two-button HUD makes threat, windup, and punish turns explicit
not ok 8 - TPS reactive two-button HUD makes threat, windup, and punish turns explicit
  ---
  duration_ms: 2.259736
  location: '/home/runner/work/poly-fighter/poly-fighter/tests/tps-mode.test.ts:2:9594'
  failureType: 'testCodeFailure'
  error: |-
    The input did not match the regular expression /\["PERFECT STEP", "FLANK OPEN"\]/. Input:
    
    '"use client";\n' +
      '\n' +
      'import { useCallback, useEffect, useRef, useState } from "react";\n' +
      'import type { CSSProperties, PointerEvent as ReactPointerEvent, ReactNode } from "react";\n' +
      'import { FIGHTER_DEFINITIONS } from "@/src/game/definitions";\n' +
      'import { TpsFightGame } from "@/src/game/tps-game";\n' +
      'import { ReferenceReconstructionPanel } from "@/src/components/reference-reconstruction";\n' +
      'import { ModelViewerPanel } from "@/src/components/model-viewer-panel";\n' +
      'import type { CpuDifficulty } from "@/src/game/fighter";\n' +
      'import type { HudSnapshot, InputAction } from "@/src/game/types";\n' +
      'import { DEFAULT_FIGHTER_MODEL_ID, FIGHTER_MODEL_OPTIONS, type FighterModelId } from "@/src/game/model-skins";\n' +
      'import {\n' +
      '  directionToInput,\n' +
      '  directionVector,\n' +
      '  VirtualPadTracker,\n' +
      '  type DigitalDirection,\n' +
      '} from "@/src/game/virtual-pad";\n' +
      '\n' +
      'type Screen = "TITLE" | "SELECT" | "MODEL_VIEW" | "TPS_MATCH" | "RESULT";\n' +
      'type GameRuntime = TpsFightGame;\n' +
      'type SettingsDraft = {\n' +
      '  quality: "LOW" | "NORMAL" | "HIGH";\n' +
      '  cameraShake: boolean;\n' +
      '  audio: boolean;\n' +
      '  vibration: boolean;\n' +
      '  motionCorrections: boolean;\n' +
      '};\n' +
      '\n' +
      'const DEFAULT_SETTINGS: SettingsDraft = {\n' +
      '  quality: "NORMAL",\n' +
      '  cameraShake: true,\n' +
      '  audio: true,\n' +
      '  vibration: true,\n' +
      '  motionCorrections: false,\n' +
      '};\n' +
      '\n' +
      'function requestLandscape(): void {\n' +
      '  try {\n' +
      '    const orientation = (typeof window !== "undefined" ? window.screen?.orientation : undefined) as (ScreenOrientation & { lock?: (mode: string) => Promise<void> }) | undefined;\n' +
      '    if (!orientation?.lock) return;\n' +
      '    void orientation.lock("landscape").catch(() => undefined);\n' +
      '  } catch {\n' +
      '    // Orientation locking is optional on iOS Safari.\n' +
      '  }\n' +
      '}\n' +
      '\n' +
      'function pressableAction(\n' +
      '  gameRef: { current: GameRuntime | null },\n' +
      '  action: InputAction,\n' +
      '  label: string,\n' +
      '  children: ReactNode,\n' +
      '  className = "",\n' +
      ') {\n' +
      '  return (\n' +
      '    <button\n' +
      '      type="button"\n' +
      '      className={`touch-action ${className}`}\n' +
      '      aria-label={label}\n' +
      '      onPointerDown={(event) => {\n' +
      '        event.preventDefault();\n' +
      '        const owner = `${action}-${event.pointerId}`;\n' +
      '        gameRef.current?.press(action, owner);\n' +
      '        event.currentTarget.setPointerCapture?.(event.pointerId);\n' +
      '      }}\n' +
      '      onPointerUp={(event) => {\n' +
      '        event.preventDefault();\n' +
      '        gameRef.current?.release(action, `${action}-${event.pointerId}`);\n' +
      '      }}\n' +
      '      onPointerCancel={(event) => gameRef.current?.release(action, `${action}-${event.pointerId}`)}\n' +
      '      onLostPointerCapture={(event) => gameRef.current?.release(action, `${action}-${event.pointerId}`)}\n' +
      '    >\n' +
      '      {children}\n' +
      '    </button>\n' +
      '  );\n' +
      '}\n' +
      '\n' +
      'const PAD_DIRECTIONS: InputAction[] = ["left", "right", "up", "down"];\n' +
      '\n' +
      'function VirtualPad({\n' +
      '  gameRef,\n' +
      '  paused,\n' +
      '}: {\n' +
      '  gameRef: { current: GameRuntime | null };\n' +
      '  paused: boolean;\n' +
      '}) {\n' +
      '  const padRef = useRef<HTMLDivElement>(null);\n' +
      '  const trackerRef = useRef(new VirtualPadTracker());\n' +
      '  const ownerRef = useRef<string | null>(null);\n' +
      '  const directionRef = useRef<DigitalDirection>("NEUTRAL");\n' +
      '  const [direction, setDirection] = useState<DigitalDirection>("NEUTRAL");\n' +
      '\n' +
      '  const clear = useCallback(() => {\n' +
      '    const owner = ownerRef.current;\n' +
      '    if (owner) gameRef.current?.releaseOwner(owner);\n' +
      '    trackerRef.current.reset();\n' +
      '    ownerRef.current = null;\n' +
      '    directionRef.current = "NEUTRAL";\n' +
      '    setDirection("NEUTRAL");\n' +
      '  }, [gameRef]);\n' +
      '\n' +
      '  const applyPointer = useCallback((event: ReactPointerEvent<HTMLDivElement>) => {\n' +
      '    const pad = padRef.current;\n' +
      '    const pointerId = trackerRef.current.pointerId;\n' +
      '    const owner = ownerRef.current;\n' +
      '    if (!pad || pointerId === null || owner === null || pointerId !== event.pointerId) return;\n' +
      '    const rect = pad.getBoundingClientRect();\n' +
      '    const radius = Math.min(rect.width, rect.height) * 0.5;\n' +
      '    const centerX = rect.left + rect.width * 0.5;\n' +
      '    const centerY = rect.top + rect.height * 0.5;\n' +
      '    const next = trackerRef.current.move(\n' +
      '      event.pointerId,\n' +
      '      event.clientX - centerX,\n' +
      '      centerY - event.clientY,\n' +
      '      radius,\n' +
      '    );\n' +
      '    if (next === directionRef.current) return;\n' +
      '    directionRef.current = next;\n' +
      '    setDirection(next);\n' +
      '    gameRef.current?.releaseOwner(owner);\n' +
      '    const frame = directionToInput(next);\n' +
      '    for (const action of PAD_DIRECTIONS) {\n' +
      '      if (frame[action]) gameRef.current?.press(action, owner);\n' +
      '    }\n' +
      '  }, [gameRef]);\n' +
      '\n' +
      '  useEffect(() => {\n' +
      '    const onVisibilityChange = () => {\n' +
      '      if (document.hidden) clear();\n' +
      '    };\n' +
      '    const onOrientationChange = () => clear();\n' +
      '    document.addEventListener("visibilitychange", onVisibilityChange);\n' +
      '    window.addEventListener("orientationchange", onOrientationChange);\n' +
      '    return () => {\n' +
      '      document.removeEventListener("visibilitychange", onVisibilityChange);\n' +
      '      window.removeEventListener("orientationchange", onOrientationChange);\n' +
      '    };\n' +
      '  }, [clear]);\n' +
      '\n' +
      '  useEffect(() => {\n' +
      '    if (!paused) return undefined;\n' +
      '    const timeout = window.setTimeout(clear, 0);\n' +
      '    return () => window.clearTimeout(timeout);\n' +
      '  }, [clear, paused]);\n' +
      '\n' +
      '  useEffect(() => () => clear(), [clear]);\n' +
      '\n' +
      '  const vector = directionVector(direction);\n' +
      '  const knobStyle = {\n' +
      '    transform: `translate(calc(-50% + ${vector.x * 31}px), calc(-50% - ${vector.y * 31}px))`,\n' +
      '  };\n' +
      '\n' +
      '  const begin = (event: ReactPointerEvent<HTMLDivElement>) => {\n' +
      '    if (paused || trackerRef.current.pointerId !== null) return;\n' +
      '    event.preventDefault();\n' +
      '    const rect = padRef.current?.getBoundingClientRect();\n' +
      '    if (!rect) return;\n' +
      '    const radius = Math.min(rect.width, rect.height) * 0.5;\n' +
      '    ownerRef.current = `virtual-pad-${event.pointerId}`;\n' +
      '    event.currentTarget.setPointerCapture?.(event.pointerId);\n' +
      '    gameRef.current?.interact();\n' +
      '    trackerRef.current.begin(event.pointerId, event.clientX - (rect.left + rect.width * 0.5), (rect.top + rect.height * 0.5) - event.clientY, radius);\n' +
      '    applyPointer(event);\n' +
      '  };\n' +
      '  const move = (event: ReactPointerEvent<HTMLDivElement>) => {\n' +
      '    event.preventDefault();\n' +
      '    applyPointer(event);\n' +
      '  };\n' +
      '  const end = (event: ReactPointerEvent<HTMLDivElement>) => {\n' +
      '    if (trackerRef.current.pointerId !== event.pointerId) return;\n' +
      '    event.preventDefault();\n' +
      '    trackerRef.current.release(event.pointerId);\n' +
      '    clear();\n' +
      '  };\n' +
      '\n' +
      '  return (\n' +
      '    <div\n' +
      '      ref={padRef}\n' +
      '      className="virtual-pad"\n' +
      '      aria-label={`8-way direction input: ${direction}`}\n' +
      '      data-direction={direction}\n' +
      '      onPointerDown={begin}\n' +
      '      onPointerMove={move}\n' +
      '      onPointerUp={end}\n' +
      '      onPointerCancel={end}\n' +
      '      onLostPointerCapture={end}\n' +
      '    >\n' +
      '      <div className="virtual-pad-sector" aria-hidden="true" />\n' +
      '      <div className="virtual-pad-ring" aria-hidden="true" />\n' +
      '      <div className="virtual-pad-knob" style={knobStyle} aria-hidden="true" />\n' +
      '      <span className="virtual-pad-label">8-WAY</span>\n' +
      '    </div>\n' +
      '  );\n' +
      '}\n' +
      '\n' +
      'function HealthBar({ value, reverse = false }: { value: number; reverse?: boolean }) {\n' +
      '  return (\n' +
      '    <div className={`health-track ${reverse ? "reverse" : ""}`}>\n' +
      '      <div className="health-fill" style={{ width: `${Math.max(0, Math.min(100, value))}%` }} />\n' +
      '    </div>\n' +
      '  );\n' +
      '}\n' +
      '\n' +
      'export default function Home() {\n' +
      '  const mountRef = useRef<HTMLDivElement>(null);\n' +
      '  const gameRef = useRef<GameRuntime | null>(null);\n' +
      '  const [screen, setScreen] = useState<Screen>("TITLE");\n' +
      '  const [p1Choice, setP1Choice] = useState("red");\n' +
      '  const [p2Choice, setP2Choice] = useState("blue");\n' +
      '  const [modelChoice, setModelChoice] = useState<FighterModelId>(DEFAULT_FIGHTER_MODEL_ID);\n' +
      '  const [difficulty, setDifficulty] = useState<CpuDifficulty>("NORMAL");\n' +
      '  const [hud, setHud] = useState<HudSnapshot | null>(null);\n' +
      '  const [fallback, setFallback] = useState<string | null>(null);\n' +
      '  const [showSettings, setShowSettings] = useState(false);\n' +
      '  const [paused, setPaused] = useState(false);\n' +
      '  const [referenceMode, setReferenceMode] = useState(false);\n' +
      '  const [settings, setSettings] = useState<SettingsDraft>(() => {\n' +
      '    if (typeof window === "undefined") return DEFAULT_SETTINGS;\n' +
      '    try {\n' +
      '      const stored = window.localStorage.getItem("poly-fighter-settings-v1");\n' +
      '      return stored ? { ...DEFAULT_SETTINGS, ...(JSON.parse(stored) as Partial<SettingsDraft>) } : DEFAULT_SETTINGS;\n' +
      '    } catch {\n' +
      '      return DEFAULT_SETTINGS;\n' +
      '    }\n' +
      '  });\n' +
      '  const settingsRef = useRef(settings);\n' +
      '\n' +
      '  useEffect(() => {\n' +
      '    const referenceTimeout = window.setTimeout(() => {\n' +
      '      setReferenceMode(new URLSearchParams(window.location.search).get("reference") === "1");\n' +
      '    }, 0);\n' +
      '    const preventContextMenu = (event: Event) => event.preventDefault();\n' +
      '    window.addEventListener("contextmenu", preventContextMenu, { passive: false });\n' +
      '    if ("serviceWorker" in navigator) {\n' +
      '      void navigator.serviceWorker\n' +
      '        .register("/sw.js", { updateViaCache: "none" })\n' +
      '        .then((registration) => registration.update())\n' +
      '        .catch(() => undefined);\n' +
      '    }\n' +
      '    return () => {\n' +
      '      window.clearTimeout(referenceTimeout);\n' +
      '      window.removeEventListener("contextmenu", preventContextMenu);\n' +
      '    };\n' +
      '  }, []);\n' +
      '\n' +
      '  useEffect(() => {\n' +
      '    if (screen !== "TPS_MATCH" || !mountRef.current) return undefined;\n' +
      '    setFallback(null);\n' +
      '    let game: GameRuntime;\n' +
      '    let reportedFallback = false;\n' +
      '    try {\n' +
      '      game = new TpsFightGame(mountRef.current, {\n' +
      '        p1Definition: FIGHTER_DEFINITIONS[p1Choice] ?? FIGHTER_DEFINITIONS.red,\n' +
      '        p2Definition: FIGHTER_DEFINITIONS[p2Choice] ?? FIGHTER_DEFINITIONS.blue,\n' +
      '        p1Model: modelChoice,\n' +
      '        p2Model: modelChoice,\n' +
      '        difficulty,\n' +
      '        onHud: setHud,\n' +
      '        onFallback: (message) => {\n' +
      '          reportedFallback = true;\n' +
      '          setFallback(message);\n' +
      '        },\n' +
      '        onResult: (winner) => {\n' +
      '          setHud((current) => (current ? { ...current, message: winner === "draw" ? "DRAW" : `${winner === "p1" ? "PLAYER 1" : "PLAYER 2"} WINS` } : current));\n' +
      '          setScreen("RESULT");\n' +
      '        },\n' +
      '      });\n' +
      '    } catch (error) {\n' +
      '      console.error("[POLY FIGHTER] game startup failed", error);\n' +
      '      mountRef.current?.replaceChildren();\n' +
      '      if (!reportedFallback) {\n' +
      '        window.setTimeout(() => setFallback("3D描画を開始できませんでした。Safariを再読み込みしてもう一度お試しください。"), 0);\n' +
      '      }\n' +
      '      return undefined;\n' +
      '    }'... 11569 more characters
    
  code: 'ERR_ASSERTION'
  name: 'AssertionError'
  expected:
  actual: |-
    "use client";
    
    import { useCallback, useEffect, useRef, useState } from "react";
    import type { CSSProperties, PointerEvent as ReactPointerEvent, ReactNode } from "react";
    import { FIGHTER_DEFINITIONS } from "@/src/game/definitions";
    import { TpsFightGame } from "@/src/game/tps-game";
    import { ReferenceReconstructionPanel } from "@/src/components/reference-reconstruction";
    import { ModelViewerPanel } from "@/src/components/model-viewer-panel";
    import type { CpuDifficulty } from "@/src/game/fighter";
    import type { HudSnapshot, InputAction } from "@/src/game/types";
    import { DEFAULT_FIGHTER_MODEL_ID, FIGHTER_MODEL_OPTIONS, type FighterModelId } from "@/src/game/model-skins";
    import {
      directionToInput,
      directionVector,
      VirtualPadTracker,
      type DigitalDirection,
    } from "@/src/game/virtual-pad";
    
    type Screen = "TITLE" | "SELECT" | "MODEL_VIEW" | "TPS_MATCH" | "RESULT";
    type GameRuntime = TpsFightGame;
    type SettingsDraft = {
      quality: "LOW" | "NORMAL" | "HIGH";
      cameraShake: boolean;
      audio: boolean;
      vibration: boolean;
      motionCorrections: boolean;
    };
    
    const DEFAULT_SETTINGS: SettingsDraft = {
      quality: "NORMAL",
      cameraShake: true,
      audio: true,
      vibration: true,
      motionCorrections: false,
    };
    
    function requestLandscape(): void {
      try {
        const orientation = (typeof window !== "undefined" ? window.screen?.orientation : undefined) as (ScreenOrientation & { lock?: (mode: string) => Promise<void> }) | undefined;
        if (!orientation?.lock) return;
        void orientation.lock("landscape").catch(() => undefined);
      } catch {
        // Orientation locking is optional on iOS Safari.
      }
    }
    
    function pressableAction(
      gameRef: { current: GameRuntime | null },
      action: InputAction,
      label: string,
      children: ReactNode,
      className = "",
    ) {
      return (
        <button
          type="button"
          className={`touch-action ${className}`}
          aria-label={label}
          onPointerDown={(event) => {
            event.preventDefault();
            const owner = `${action}-${event.pointerId}`;
            gameRef.current?.press(action, owner);
            event.currentTarget.setPointerCapture?.(event.pointerId);
          }}
          onPointerUp={(event) => {
            event.preventDefault();
            gameRef.current?.release(action, `${action}-${event.pointerId}`);
          }}
          onPointerCancel={(event) => gameRef.current?.release(action, `${action}-${event.pointerId}`)}
          onLostPointerCapture={(event) => gameRef.current?.release(action, `${action}-${event.pointerId}`)}
        >
          {children}
        </button>
      );
    }
    
    const PAD_DIRECTIONS: InputAction[] = ["left", "right", "up", "down"];
    
    function VirtualPad({
      gameRef,
      paused,
    }: {
      gameRef: { current: GameRuntime | null };
      paused: boolean;
    }) {
      const padRef = useRef<HTMLDivElement>(null);
      const trackerRef = useRef(new VirtualPadTracker());
      const ownerRef = useRef<string | null>(null);
      const directionRef = useRef<DigitalDirection>("NEUTRAL");
      const [direction, setDirection] = useState<DigitalDirection>("NEUTRAL");
    
      const clear = useCallback(() => {
        const owner = ownerRef.current;
        if (owner) gameRef.current?.releaseOwner(owner);
        trackerRef.current.reset();
        ownerRef.current = null;
        directionRef.current = "NEUTRAL";
        setDirection("NEUTRAL");
      }, [gameRef]);
    
      const applyPointer = useCallback((event: ReactPointerEvent<HTMLDivElement>) => {
        const pad = padRef.current;
        const pointerId = trackerRef.current.pointerId;
        const owner = ownerRef.current;
        if (!pad || pointerId === null || owner === null || pointerId !== event.pointerId) return;
        const rect = pad.getBoundingClientRect();
        const radius = Math.min(rect.width, rect.height) * 0.5;
        const centerX = rect.left + rect.width * 0.5;
        const centerY = rect.top + rect.height * 0.5;
        const next = trackerRef.current.move(
          event.pointerId,
          event.clientX - centerX,
          centerY - event.clientY,
          radius,
        );
        if (next === directionRef.current) return;
        directionRef.current = next;
        setDirection(next);
        gameRef.current?.releaseOwner(owner);
        const frame = directionToInput(next);
        for (const action of PAD_DIRECTIONS) {
          if (frame[action]) gameRef.current?.press(action, owner);
        }
      }, [gameRef]);
    
      useEffect(() => {
        const onVisibilityChange = () => {
          if (document.hidden) clear();
        };
        const onOrientationChange = () => clear();
        document.addEventListener("visibilitychange", onVisibilityChange);
        window.addEventListener("orientationchange", onOrientationChange);
        return () => {
          document.removeEventListener("visibilitychange", onVisibilityChange);
          window.removeEventListener("orientationchange", onOrientationChange);
        };
      }, [clear]);
    
      useEffect(() => {
        if (!paused) return undefined;
        const timeout = window.setTimeout(clear, 0);
        return () => window.clearTimeout(timeout);
      }, [clear, paused]);
    
      useEffect(() => () => clear(), [clear]);
    
      const vector = directionVector(direction);
      const knobStyle = {
        transform: `translate(calc(-50% + ${vector.x * 31}px), calc(-50% - ${vector.y * 31}px))`,
      };
    
      const begin = (event: ReactPointerEvent<HTMLDivElement>) => {
        if (paused || trackerRef.current.pointerId !== null) return;
        event.preventDefault();
        const rect = padRef.current?.getBoundingClientRect();
        if (!rect) return;
        const radius = Math.min(rect.width, rect.height) * 0.5;
        ownerRef.current = `virtual-pad-${event.pointerId}`;
        event.currentTarget.setPointerCapture?.(event.pointerId);
        gameRef.current?.interact();
        trackerRef.current.begin(event.pointerId, event.clientX - (rect.left + rect.width * 0.5), (rect.top + rect.height * 0.5) - event.clientY, radius);
        applyPointer(event);
      };
      const move = (event: ReactPointerEvent<HTMLDivElement>) => {
        event.preventDefault();
        applyPointer(event);
      };
      const end = (event: ReactPointerEvent<HTMLDivElement>) => {
        if (trackerRef.current.pointerId !== event.pointerId) return;
        event.preventDefault();
        trackerRef.current.release(event.pointerId);
        clear();
      };
    
      return (
        <div
          ref={padRef}
          className="virtual-pad"
          aria-label={`8-way direction input: ${direction}`}
          data-direction={direction}
          onPointerDown={begin}
          onPointerMove={move}
          onPointerUp={end}
          onPointerCancel={end}
          onLostPointerCapture={end}
        >
          <div className="virtual-pad-sector" aria-hidden="true" />
          <div className="virtual-pad-ring" aria-hidden="true" />
          <div className="virtual-pad-knob" style={knobStyle} aria-hidden="true" />
          <span className="virtual-pad-label">8-WAY</span>
        </div>
      );
    }
    
    function HealthBar({ value, reverse = false }: { value: number; reverse?: boolean }) {
      return (
        <div className={`health-track ${reverse ? "reverse" : ""}`}>
          <div className="health-fill" style={{ width: `${Math.max(0, Math.min(100, value))}%` }} />
        </div>
      );
    }
    
    export default function Home() {
      const mountRef = useRef<HTMLDivElement>(null);
      const gameRef = useRef<GameRuntime | null>(null);
      const [screen, setScreen] = useState<Screen>("TITLE");
      const [p1Choice, setP1Choice] = useState("red");
      const [p2Choice, setP2Choice] = useState("blue");
      const [modelChoice, setModelChoice] = useState<FighterModelId>(DEFAULT_FIGHTER_MODEL_ID);
      const [difficulty, setDifficulty] = useState<CpuDifficulty>("NORMAL");
      const [hud, setHud] = useState<HudSnapshot | null>(null);
      const [fallback, setFallback] = useState<string | null>(null);
      const [showSettings, setShowSettings] = useState(false);
      const [paused, setPaused] = useState(false);
      const [referenceMode, setReferenceMode] = useState(false);
      const [settings, setSettings] = useState<SettingsDraft>(() => {
        if (typeof window === "undefined") return DEFAULT_SETTINGS;
        try {
          const stored = window.localStorage.getItem("poly-fighter-settings-v1");
          return stored ? { ...DEFAULT_SETTINGS, ...(JSON.parse(stored) as Partial<SettingsDraft>) } : DEFAULT_SETTINGS;
        } catch {
          return DEFAULT_SETTINGS;
        }
      });
      const settingsRef = useRef(settings);
    
      useEffect(() => {
        const referenceTimeout = window.setTimeout(() => {
          setReferenceMode(new URLSearchParams(window.location.search).get("reference") === "1");
        }, 0);
        const preventContextMenu = (event: Event) => event.preventDefault();
        window.addEventListener("contextmenu", preventContextMenu, { passive: false });
        if ("serviceWorker" in navigator) {
          void navigator.serviceWorker
            .register("/sw.js", { updateViaCache: "none" })
            .then((registration) => registration.update())
            .catch(() => undefined);
        }
        return () => {
          window.clearTimeout(referenceTimeout);
          window.removeEventListener("contextmenu", preventContextMenu);
        };
      }, []);
    
      useEffect(() => {
        if (screen !== "TPS_MATCH" || !mountRef.current) return undefined;
        setFallback(null);
        let game: GameRuntime;
        let reportedFallback = false;
        try {
          game = new TpsFightGame(mountRef.current, {
            p1Definition: FIGHTER_DEFINITIONS[p1Choice] ?? FIGHTER_DEFINITIONS.red,
            p2Definition: FIGHTER_DEFINITIONS[p2Choice] ?? FIGHTER_DEFINITIONS.blue,
            p1Model: modelChoice,
            p2Model: modelChoice,
            difficulty,
            onHud: setHud,
            onFallback: (message) => {
              reportedFallback = true;
              setFallback(message);
            },
            onResult: (winner) => {
              setHud((current) => (current ? { ...current, message: winner === "draw" ? "DRAW" : `${winner === "p1" ? "PLAYER 1" : "PLAYER 2"} WINS` } : current));
              setScreen("RESULT");
            },
          });
        } catch (error) {
          console.error("[POLY FIGHTER] game startup failed", error);
          mountRef.current?.replaceChildren();
          if (!reportedFallback) {
            window.setTimeout(() => setFallback("3D描画を開始できませんでした。Safariを再読み込みしてもう一度お試しください。"), 0);
          }
          return undefined;
        }
        game.updateSettings(settingsRef.current);
        gameRef.current = game;
        try {
          game.start();
        } catch (error) {
          console.error("[POLY FIGHTER] game loop startup failed", error);
          gameRef.current = null;
          game.destroy();
          if (!reportedFallback) {
            window.setTimeout(() => setFallback("ゲームループを開始できませんでした。Safariを再読み込みしてもう一度お試しください。"), 0);
          }
          return undefined;
        }
        return () => {
          gameRef.current = null;
          game.destroy();
        };
      }, [difficulty, modelChoice, p1Choice, p2Choice, screen]);
    
      const persistSettings = (patch: Partial<SettingsDraft>) => {
        const next = { ...settings, ...patch };
        setSettings(next);
        settingsRef.current = next;
        try {
          window.localStorage.setItem("poly-fighter-settings-v1", JSON.stringify(next));
        } catch {
          // Local settings are best effort.
        }
        gameRef.current?.updateSettings(patch);
      };
    
      const startMatch = () => {
        requestLandscape();
        setHud(null);
        setPaused(false);
        setScreen("TPS_MATCH");
      };
    
      const backToTitle = () => {
        requestLandscape();
        setPaused(false);
        setScreen("TITLE");
      };
    
      const cycleQuality = () => {
        const values: SettingsDraft["quality"][] = ["LOW", "NORMAL", "HIGH"];
        const index = values.indexOf(settings.quality);
        persistSettings({ quality: values[(index + 1) % values.length] });
      };
    
      const p1 = FIGHTER_DEFINITIONS[p1Choice] ?? FIGHTER_DEFINITIONS.red;
      const p2 = FIGHTER_DEFINITIONS[p2Choice] ?? FIGHTER_DEFINITIONS.blue;
      const isGameSurface = screen === "TPS_MATCH";
      const tpsIncoming = hud?.message === "INCOMING";
      const tpsWindup = hud?.message === "WINDUP";
      const tpsPunish = ["PERFECT STEP", "FLANK OPEN", "REVERSAL"].includes(hud?.message ?? "");
      const tpsIntercept = ["WINDUP", "INTERCEPT"].includes(hud?.message ?? "");
      const tpsStrikeRange = hud?.message === "STRIKE RANGE";
      const tpsComboMessage = (hud?.message ?? "").startsWith("COMBO ");
      const tpsKoMessage = ["KO", "FINAL IMPACT"].includes(hud?.message ?? "");
      const tpsFaceSafeMessage = Boolean(hud?.message);
    
      if (referenceMode) return <ReferenceReconstructionPanel />;
    
      return (
        <main className="poly-app">
          <div ref={mountRef} className={`scene-host ${isGameSurface ? "visible" : ""}`} />
          <div className="scanlines" aria-hidden="true" />
    
          {screen === "TITLE" && (
            <section className="title-screen screen-panel">
              <div className="title-kicker">RETRO 3D DNA / MODERN POLYGON DENSITY</div>
              <h1>POLY<span>FIGHTER</span></h1>
              <p className="title-subtitle">HIGH-POLY FLAT SHADING // RING 01</p>
              <div className="title-mark"><span /> <b>01</b> <span /></div>
              <p className="title-copy">A close-range 3D lock-on fighter built for direct movement, readable impact, and fast rematches.</p>
              <button type="button" className="primary-button" onClick={() => { setScreen("SELECT"); requestLandscape(); }}>
                <span>START FIGHT</span><small>TPS LOCK-ON / LOADOUT SELECT</small>
              </button>
              <button type="button" className="ghost-button" onClick={() => { requestLandscape(); setScreen("MODEL_VIEW"); }}>MODEL VIEW</button>
              <button type="button" className="ghost-button" onClick={() => setShowSettings(true)}>SETTINGS</button>
              <div className="title-footer"><span>iPHONE SAFARI / LANDSCAPE</span><span>BUILD 0.1 // TPS LOCK-ON</span></div>
            </section>
          )}
    
          {screen === "MODEL_VIEW" && <ModelViewerPanel quality={settings.quality} onBack={backToTitle} />}
    
          {screen === "SELECT" && (
            <section className="select-screen screen-panel">
              <div className="screen-heading"><span>TPS LOADOUT</span><i>LOCK-ON FIGHTER / CPU / DIFFICULTY</i></div>
              <div className="fighter-select-grid">
                {[FIGHTER_DEFINITIONS.red, FIGHTER_DEFINITIONS.blue].map((fighter) => {
                  const selected = fighter.id === p1Choice;
                  return (
                    <button
                      key={`p1-${fighter.id}`}
                      type="button"
                      className={`fighter-card ${selected ? "selected-red" : ""}`}
                      onClick={() => setP1Choice(fighter.id)}
                    >
                      <div className="fighter-orb" style={{ "--fighter-color": `#${fighter.colors.primary.toString(16).padStart(6, "0")}` } as CSSProperties} />
                      <strong>{fighter.name}</strong><small>{fighter.callsign}</small><em>PLAYER 1 / {fighter.archetype}</em>
                    </button>
                  );
                })}
              </div>
              <div className="versus-line"><span>PLAYER 1</span><b>VS</b><span>CPU // PLAYER 2</span></div>
              <div className="fighter-select-grid opponent-grid">
                {[FIGHTER_DEFINITIONS.red, FIGHTER_DEFINITIONS.blue].map((fighter) => {
                  const selected = fighter.id === p2Choice;
                  return (
                    <button
                      key={`p2-${fighter.id}`}
                      type="button"
                      className={`fighter-card ${selected ? "selected-blue" : ""}`}
                      onClick={() => setP2Choice(fighter.id)}
                    >
                      <div className="fighter-orb" style={{ "--fighter-color": `#${fighter.colors.primary.toString(16).padStart(6, "0")}` } as CSSProperties} />
                      <strong>{fighter.name}</strong><small>{fighter.callsign}</small><em>PLAYER 2 / {fighter.archetype}</em>
                    </button>
                  );
                })}
              </div>
              <div className="difficulty" style={{ marginTop: 10 }}>
                <span>VISUAL MODEL</span>
                {FIGHTER_MODEL_OPTIONS.map((option) => (
                  <button key={option.id} type="button" className={modelChoice === option.id ? "active" : ""} onClick={() => setModelChoice(option.id)}>
                    {option.label}
                  </button>
                ))}
              </div>
              <div style={{ color: "#7894ae", fontSize: 8, letterSpacing: ".12em", margin: "5px 0 2px" }}>
                {modelChoice === "QUATERNIUS_UBC" ? "CC0 / UNIVERSAL RIG / MOTION READY" : "POLY FIGHTER CUSTOM VISUAL"}
              </div>
              <div className="select-bottom">
                <div className="difficulty"><span>CPU DIFFICULTY</span>{(["EASY", "NORMAL", "HARD"] as CpuDifficulty[]).map((level) => <button key={level} type="button" className={difficulty === level ? "active" : ""} onClick={() => setDifficulty(level)}>{level}</button>)}</div>
                <button type="button" className="primary-button compact" onClick={startMatch}><span>ENGAGE</span><small>{p1.name} / {p2.name} / {difficulty}</small></button>
              </div>
              <button type="button" className="back-button" onClick={backToTitle}>← TITLE</button>
            </section>
          )}
    
          {isGameSurface && (
            <>
              <section className={`fight-hud ${tpsFaceSafeMessage ? "tps-face-safe-active" : ""}`} aria-live="polite">
                <div className="hud-player left-player"><div className="hud-name"><span>PLAYER 1</span><strong>{hud?.p1Name ?? p1.name}</strong></div><HealthBar value={hud?.p1Health ?? 100} /><div className="win-pips"><i className={(hud?.p1Wins ?? 0) > 0 ? "won" : ""} /><i className={(hud?.p1Wins ?? 0) > 1 ? "won" : ""} /></div></div>
                <div className="round-readout"><span>ROUND {hud?.round ?? 1}</span><b>{String(hud?.timer ?? 60).padStart(2, "0")}</b><small>{hud?.message ?? "ROUND 1"}</small></div>
                <div className="hud-player right-player"><div className="hud-name"><span>CPU // PLAYER 2</span><strong>{hud?.p2Name ?? p2.name}</strong></div><HealthBar value={hud?.p2Health ?? 100} reverse /><div className="win-pips"><i className={(hud?.p2Wins ?? 0) > 0 ? "won" : ""} /><i className={(hud?.p2Wins ?? 0) > 1 ? "won" : ""} /></div></div>
              </section>
              <div className={`match-badge tps-badge ${tpsFaceSafeMessage ? "tps-face-safe-badge" : ""} ${tpsComboMessage ? "tps-combo-badge" : ""} ${tpsKoMessage ? "tps-ko-badge" : ""}`}>{tpsFaceSafeMessage ? <strong>{hud?.message}</strong> : <><strong>{hud?.message ?? "TARGET LOCKED"}</strong><span>•</span><b>{hud?.p2Name ?? p2.name}</b></>}</div>
              <button type="button" className="pause-button tps-pause-button" aria-label={paused ? "Resume" : "Pause"} onClick={() => { const next = !paused; setPaused(next); if (next) gameRef.current?.pause(); else gameRef.current?.resume(); }}> {paused ? "▶" : "Ⅱ"} </button>
              <section className="touch-controls" aria-label="Touch controls">
                <VirtualPad gameRef={gameRef} paused={paused} />
                <div className="action-buttons tps-two-button-actions">
                  {pressableAction(gameRef, "guard", "Step", tpsIncoming ? "STEP NOW" : tpsWindup ? "READY" : "STEP", "guard tps-step-action " + (tpsIncoming ? "tps-threat-action" : tpsWindup ? "tps-windup-action" : ""))}
                  {pressableAction(gameRef, "punch", "Attack", tpsPunish ? "PUNISH" : tpsIntercept ? "INTERCEPT" : "ATTACK", "punch tps-attack-action " + (tpsPunish ? "tps-punish-action" : tpsIntercept ? "tps-intercept-action" : tpsStrikeRange ? "tps-ready-action" : ""))}
                </div>
              </section>
              <div className="input-hint tps-input-hint"><b>ATTACK</b> AUTO PUNCH / KICK <span>•</span> <b>WINDUP</b> STEP OR INTERCEPT <span>•</span> <b>PERFECT STEP</b> → REVERSAL <span>•</span> FORWARD STEP → ATTACK = DASH</div>
            </>
          )}
    
          {screen === "RESULT" && (
            <section className="result-panel screen-panel">
              <span className="result-kicker">MATCH COMPLETE</span>
              <h2>{hud?.message ?? "RESULT"}</h2>
              <div className="result-score"><b>{hud?.p1Wins ?? 0}</b><span>—</span><b>{hud?.p2Wins ?? 0}</b></div>
              <button type="button" className="primary-button compact" onClick={() => setScreen("TPS_MATCH")}><span>REMATCH</span><small>RE-ENGAGE TARGET</small></button>
              <button type="button" className="ghost-button" onClick={backToTitle}>TITLE</button>
            </section>
          )}
    
          {fallback && <section className="fallback-panel screen-panel"><h2>WEBGL FALLBACK</h2><p>{fallback}</p><button type="button" className="ghost-button" onClick={backToTitle}>RETURN TO TITLE</button></section>}
    
          {showSettings && (
            <section className="settings-panel screen-panel">
              <div className="screen-heading"><span>SETTINGS</span><i>DEVICE SAFE DEFAULTS</i></div>
              <button type="button" className="setting-row" onClick={cycleQuality}><span>GRAPHICS QUALITY</span><b>{settings.quality}</b></button>
              <button type="button" className="setting-row" onClick={() => persistSettings({ cameraShake: !settings.cameraShake })}><span>CAMERA SHAKE</span><b>{settings.cameraShake ? "ON" : "OFF"}</b></button>
              <button type="button" className="setting-row" onClick={() => persistSettings({ audio: !settings.audio })}><span>SYNTH AUDIO</span><b>{settings.audio ? "ON" : "OFF"}</b></button>
              <button type="button" className="setting-row" onClick={() => persistSettings({ vibration: !settings.vibration })}><span>HAPTIC FEEDBACK</span><b>{settings.vibration ? "ON" : "OFF"}</b></button>
              <button type="button" className="setting-row" onClick={() => persistSettings({ motionCorrections: !settings.motionCorrections })}><span>MOTION CORRECTION</span><b>{settings.motionCorrections ? "ON" : "OFF"}</b></button>
              <button type="button" className="ghost-button" onClick={() => setShowSettings(false)}>DONE</button>
            </section>
          )}
        </main>
      );
    }
    
  operator: 'match'
  stack: |-
    TestContext.<anonymous> (/home/runner/work/poly-fighter/poly-fighter/tests/tps-mode.test.ts:213:10)
    async Test.run (node:internal/test_runner/test:932:9)
    async Test.processPendingSubtests (node:internal/test_runner/test:629:7)
  ...
# Subtest: TPS Combat v2 adds intercepts, reversals, adaptive personas, reaction grading, and final impact
ok 9 - TPS Combat v2 adds intercepts, reversals, adaptive personas, reaction grading, and final impact
  ---
  duration_ms: 2.49322
  ...
1..9
# tests 9
# suites 0
# pass 6
# fail 3
# cancelled 0
# skipped 0
# todo 0
# duration_ms 257.85511
--- lint ---

> poly-fighter@0.1.0 lint
> bash scripts/sites-env.sh -- eslint . --ignore-pattern dist --ignore-pattern .next

--- build ---

> poly-fighter@0.1.0 build
> bash scripts/build-verified.sh

/usr/bin/timeout
Running bounded vinext build...

  vinext build  (Vite 8.0.13)

(node:2494) [DEP0040] DeprecationWarning: The `punycode` module is deprecated. Please use a userland alternative instead.
(Use `node --trace-deprecation ...` to show where the warning was created)
[34m[1/5] analyze client references...[39m
[2Ktransforming...(node:2494) ExperimentalWarning: glob is an experimental feature and might change at any time
✓ 135 modules transformed.
rendering chunks...
[33m[33m[PLUGIN_TIMINGS] [0mYour build spent significant time in plugins. Here is a breakdown:
  - rsc:use-client (23%)
  - vinext:jsx-in-js (23%)
  - vinext:og-inline-fetch-assets (23%)
  - vinext:react-canary (8%)
  - vinext:og-font-patch (8%)
See https://rolldown.rs/options/checks#plugintimings for more details.
[39m
[32m✓ built in 47.28s[39m
[34m[2/5] analyze server references...[39m
[2Ktransforming...✓ 101 modules transformed.
rendering chunks...
[32m✓ built in 367ms[39m
[34m[3/5] build rsc environment...[39m
[2Ktransforming...✓ 141 modules transformed.
rendering chunks...
computing gzip size...
[33m[33m[PLUGIN_TIMINGS] [0mYour build spent significant time in plugins. Here is a breakdown:
  - vinext:mdx (38%)
  - vinext:optimize-imports (23%)
  - vinext:jsx-in-js (15%)
  - vinext:strip-server-exports (8%)
  - rsc:rsc-css-export-transform (8%)
See https://rolldown.rs/options/checks#plugintimings for more details.
[39m
[32m✓ built in 46.10s[39m
[34m[4/5] build client environment...[39m
[2Ktransforming...✓ 109 modules transformed.
rendering chunks...
computing gzip size...
[33m[plugin builtin:vite-reporter] 
(!) Some chunks are larger than 500 kB after minification. Consider:
- Using dynamic import() to code-split the application
- Use build.rolldownOptions.output.codeSplitting to improve chunking: https://rolldown.rs/reference/OutputOptions.codeSplitting
- Adjust chunk size limit for this warning via build.chunkSizeWarningLimit.[39m
[32m✓ built in 509ms[39m
[34m[5/5] build ssr environment...[39m
[2Ktransforming...✓ 107 modules transformed.
rendering chunks...
computing gzip size...
[32m✓ built in 614ms[39m
[0m
  Route (app)
  ─ ? /

  ? Unknown

  ? Some routes could not be classified. vinext currently uses static analysis
    and cannot detect dynamic API usage (headers(), cookies(), etc.) at build time.
    Automatic classification will be improved in a future release.

  Build complete. Run `vinext start` to start the production server.

Validated Sites artifact: ESM Worker default.fetch and hosting manifest are present.
